# timestamp,positive_sequence_voltage,distribution_load
2013-08-28 00:00:00 PST,+138000+0i,+1.6262e+06+855353j
2013-08-28 00:01:00 PST,+141013+0j,+1.66976e+06+875077j
2013-08-28 00:02:00 PST,+140959+0j,+1.65082e+06+865769j
2013-08-28 00:03:00 PST,+140973+0j,+1.63905e+06+859540j
2013-08-28 00:04:00 PST,+140991+0j,+1.64213e+06+860140j
2013-08-28 00:05:00 PST,+141003+0j,+1.64636e+06+861384j
2013-08-28 00:06:00 PST,+141001+0j,+1.6341e+06+857326j
2013-08-28 00:07:00 PST,+140998+0j,+1.62549e+06+854875j
2013-08-28 00:08:00 PST,+141008+0j,+1.62087e+06+854173j
2013-08-28 00:09:00 PST,+141014+0j,+1.61239e+06+851787j
2013-08-28 00:10:00 PST,+141016+0j,+1.60014e+06+847766j
2013-08-28 00:11:00 PST,+141023+0j,+1.60457e+06+849041j
2013-08-28 00:12:00 PST,+141032+0j,+1.61105e+06+851252j
2013-08-28 00:13:00 PST,+141029+0j,+1.6157e+06+852557j
2013-08-28 00:14:00 PST,+141024+0j,+1.61867e+06+853033j
2013-08-28 00:15:00 PST,+141021+0j,+1.6233e+06+854335j
2013-08-28 00:16:00 PST,+141019+0j,+1.62263e+06+854484j
2013-08-28 00:17:00 PST,+141016+0j,+1.61998e+06+853721j
2013-08-28 00:18:00 PST,+141016+0j,+1.61575e+06+852179j
2013-08-28 00:19:00 PST,+141018+0j,+1.6132e+06+851461j
2013-08-28 00:20:00 PST,+141021+0j,+1.61229e+06+851564j
2013-08-28 00:21:00 PST,+141023+0j,+1.60841e+06+850472j
2013-08-28 00:22:00 PST,+141023+0j,+1.60282e+06+848544j
2013-08-28 00:23:00 PST,+141026+0j,+1.59888e+06+847441j
2013-08-28 00:24:00 PST,+141030+0j,+1.59657e+06+847153j
2013-08-28 00:25:00 PST,+141033+0j,+1.59263e+06+846048j
2013-08-28 00:26:00 PST,+141034+0j,+1.59332e+06+845900j
2013-08-28 00:27:00 PST,+141037+0j,+1.5961e+06+846695j
2013-08-28 00:28:00 PST,+141037+0j,+1.60043e+06+848265j
2013-08-28 00:29:00 PST,+141035+0j,+1.60313e+06+849022j
2013-08-28 00:30:00 PST,+141031+0j,+1.60418e+06+848959j
2013-08-28 00:31:00 PST,+141030+0j,+1.60327e+06+848696j
2013-08-28 00:32:00 PST,+141029+0j,+1.60367e+06+849156j
2013-08-28 00:33:00 PST,+141030+0j,+1.60248e+06+848819j
2013-08-28 00:34:00 PST,+141029+0j,+1.59965e+06+847670j
2013-08-28 00:35:00 PST,+141030+0j,+1.59846e+06+847337j
2013-08-28 00:36:00 PST,+141032+0j,+1.60013e+06+848165j
2013-08-28 00:37:00 PST,+141033+0j,+1.6003e+06+848216j
2013-08-28 00:38:00 PST,+141032+0j,+1.59883e+06+847446j
2013-08-28 00:39:00 PST,+141032+0j,+1.59898e+06+847490j
2013-08-28 00:40:00 PST,+141033+0j,+1.60077e+06+848348j
2013-08-28 00:41:00 PST,+141033+0j,+1.59418e+06+846484j
2013-08-28 00:42:00 PST,+141031+0j,+1.58513e+06+843579j
2013-08-28 00:43:00 PST,+141036+0j,+1.57779e+06+841521j
2013-08-28 00:44:00 PST,+141043+0j,+1.57204e+06+840276j
2013-08-28 00:45:00 PST,+141048+0j,+1.56469e+06+838220j
2013-08-28 00:46:00 PST,+141052+0j,+1.54793e+06+830206j
2013-08-28 00:47:00 PST,+141057+0j,+1.54858e+06+830411j
2013-08-28 00:48:00 PST,+141073+0j,+1.55455e+06+832929j
2013-08-28 00:49:00 PST,+141073+0j,+1.55511e+06+833084j
2013-08-28 00:50:00 PST,+141068+0j,+1.55714e+06+833985j
2013-08-28 00:51:00 PST,+141067+0j,+1.55774e+06+834153j
2013-08-28 00:52:00 PST,+141065+0j,+1.55678e+06+833527j
2013-08-28 00:53:00 PST,+141065+0j,+1.55738e+06+833697j
2013-08-28 00:54:00 PST,+141066+0j,+1.55956e+06+834660j
2013-08-28 00:55:00 PST,+141066+0j,+1.56016e+06+834829j
2013-08-28 00:56:00 PST,+141064+0j,+1.55906e+06+834165j
2013-08-28 00:57:00 PST,+141063+0j,+1.55951e+06+834291j
2013-08-28 00:58:00 PST,+141064+0j,+1.56154e+06+835213j
2013-08-28 00:59:00 PST,+141064+0j,+1.56199e+06+835340j
2013-08-28 01:00:00 PST,+141062+0j,+1.56087e+06+834670j
2013-08-28 01:01:00 PST,+141062+0j,+1.56023e+06+834488j
2013-08-28 01:02:00 PST,+141063+0j,+1.56094e+06+835040j
2013-08-28 01:03:00 PST,+141064+0j,+1.56009e+06+834801j
2013-08-28 01:04:00 PST,+141063+0j,+1.55767e+06+833769j
2013-08-28 01:05:00 PST,+141063+0j,+1.55682e+06+833532j
2013-08-28 01:06:00 PST,+141065+0j,+1.55955e+06+834656j
2013-08-28 01:07:00 PST,+141066+0j,+1.56115e+06+835110j
2013-08-28 01:08:00 PST,+141064+0j,+1.56116e+06+834757j
2013-08-28 01:09:00 PST,+141062+0j,+1.56273e+06+835197j
2013-08-28 01:10:00 PST,+141063+0j,+1.56589e+06+836434j
2013-08-28 01:11:00 PST,+141062+0j,+1.56582e+06+836410j
2013-08-28 01:12:00 PST,+141059+0j,+1.56376e+06+835475j
2013-08-28 01:13:00 PST,+141059+0j,+1.56331e+06+835348j
2013-08-28 01:14:00 PST,+141061+0j,+1.56444e+06+836021j
2013-08-28 01:15:00 PST,+141061+0j,+1.564e+06+835895j
2013-08-28 01:16:00 PST,+141060+0j,+1.55884e+06+834091j
2013-08-28 01:17:00 PST,+141060+0j,+1.55443e+06+832848j
2013-08-28 01:18:00 PST,+141065+0j,+1.55162e+06+832420j
2013-08-28 01:19:00 PST,+141068+0j,+1.54725e+06+831198j
2013-08-28 01:20:00 PST,+141069+0j,+1.54134e+06+829194j
2013-08-28 01:21:00 PST,+141072+0j,+1.54274e+06+829599j
2013-08-28 01:22:00 PST,+141077+0j,+1.54734e+06+831257j
2013-08-28 01:23:00 PST,+141076+0j,+1.55033e+06+832096j
2013-08-28 01:24:00 PST,+141072+0j,+1.55015e+06+831472j
2013-08-28 01:25:00 PST,+141072+0j,+1.55314e+06+832311j
2013-08-28 01:26:00 PST,+141071+0j,+1.55173e+06+832472j
2013-08-28 01:27:00 PST,+141067+0j,+1.5448e+06+830505j
2013-08-28 01:28:00 PST,+141069+0j,+1.53643e+06+827814j
2013-08-28 01:29:00 PST,+141074+0j,+1.52809e+06+825272j
2013-08-28 01:30:00 PST,+141080+0j,+1.52282e+06+824163j
2013-08-28 01:31:00 PST,+141087+0j,+1.5232e+06+824501j
2013-08-28 01:32:00 PST,+141090+0j,+1.52237e+06+823932j
2013-08-28 01:33:00 PST,+141089+0j,+1.5195e+06+822691j
2013-08-28 01:34:00 PST,+141090+0j,+1.52161e+06+823637j
2013-08-28 01:35:00 PST,+141093+0j,+1.52573e+06+825235j
2013-08-28 01:36:00 PST,+141091+0j,+1.52662e+06+825131j
2013-08-28 01:37:00 PST,+141088+0j,+1.52614e+06+824549j
2013-08-28 01:38:00 PST,+141087+0j,+1.53069e+06+826177j
2013-08-28 01:39:00 PST,+141088+0j,+1.53728e+06+828465j
2013-08-28 01:40:00 PST,+141085+0j,+1.53877e+06+828524j
2013-08-28 01:41:00 PST,+141079+0j,+1.53676e+06+827727j
2013-08-28 01:42:00 PST,+141079+0j,+1.53659e+06+828024j
2013-08-28 01:43:00 PST,+141081+0j,+1.5365e+06+828218j
2013-08-28 01:44:00 PST,+141080+0j,+1.5333e+06+826971j
2013-08-28 01:45:00 PST,+141080+0j,+1.53006e+06+825846j
2013-08-28 01:46:00 PST,+141083+0j,+1.52914e+06+825946j
2013-08-28 01:47:00 PST,+141085+0j,+1.52794e+06+825829j
2013-08-28 01:48:00 PST,+141085+0j,+1.52366e+06+824278j
2013-08-28 01:49:00 PST,+141086+0j,+1.51934e+06+822854j
2013-08-28 01:50:00 PST,+141090+0j,+1.51617e+06+822106j
2013-08-28 01:51:00 PST,+141093+0j,+1.51835e+06+822942j
2013-08-28 01:52:00 PST,+141095+0j,+1.52091e+06+823538j
2013-08-28 01:53:00 PST,+141093+0j,+1.52142e+06+823463j
2013-08-28 01:54:00 PST,+141092+0j,+1.52304e+06+824041j
2013-08-28 01:55:00 PST,+141091+0j,+1.52667e+06+825274j
2013-08-28 01:56:00 PST,+141090+0j,+1.52666e+06+825138j
2013-08-28 01:57:00 PST,+141087+0j,+1.52345e+06+824012j
2013-08-28 01:58:00 PST,+141087+0j,+1.52332e+06+824327j
2013-08-28 01:59:00 PST,+141090+0j,+1.52329e+06+824538j
2013-08-28 02:00:00 PST,+141090+0j,+1.52017e+06+823315j
2013-08-28 02:01:00 PST,+141089+0j,+1.51845e+06+822397j
2013-08-28 02:02:00 PST,+141092+0j,+1.52341e+06+824147j
2013-08-28 02:03:00 PST,+141094+0j,+1.53036e+06+826537j
2013-08-28 02:04:00 PST,+141090+0j,+1.53222e+06+826700j
2013-08-28 02:05:00 PST,+141084+0j,+1.53401e+06+826969j
2013-08-28 02:06:00 PST,+141084+0j,+1.53252e+06+826898j
2013-08-28 02:07:00 PST,+141083+0j,+1.52765e+06+825739j
2013-08-28 02:08:00 PST,+141083+0j,+1.51976e+06+823178j
2013-08-28 02:09:00 PST,+141086+0j,+1.51189e+06+820765j
2013-08-28 02:10:00 PST,+141092+0j,+1.50515e+06+819028j
2013-08-28 02:11:00 PST,+141098+0j,+1.50736e+06+819878j
2013-08-28 02:12:00 PST,+141103+0j,+1.51243e+06+821187j
2013-08-28 02:13:00 PST,+141101+0j,+1.51544e+06+821812j
2013-08-28 02:14:00 PST,+141098+0j,+1.51951e+06+823071j
2013-08-28 02:15:00 PST,+141096+0j,+1.52559e+06+824985j
2013-08-28 02:16:00 PST,+141093+0j,+1.52602e+06+824966j
2013-08-28 02:17:00 PST,+141088+0j,+1.5217e+06+823525j
2013-08-28 02:18:00 PST,+141088+0j,+1.52049e+06+823534j
2013-08-28 02:19:00 PST,+141091+0j,+1.51938e+06+823447j
2013-08-28 02:20:00 PST,+141092+0j,+1.5133e+06+821173j
2013-08-28 02:21:00 PST,+141092+0j,+1.51198e+06+820593j
2013-08-28 02:22:00 PST,+141097+0j,+1.51752e+06+822731j
2013-08-28 02:23:00 PST,+141098+0j,+1.52113e+06+823962j
2013-08-28 02:24:00 PST,+141094+0j,+1.51971e+06+822979j
2013-08-28 02:25:00 PST,+141091+0j,+1.52018e+06+822888j
2013-08-28 02:26:00 PST,+141093+0j,+1.52215e+06+824015j
2013-08-28 02:27:00 PST,+141093+0j,+1.51981e+06+823571j
2013-08-28 02:28:00 PST,+141090+0j,+1.51251e+06+820948j
2013-08-28 02:29:00 PST,+141092+0j,+1.50715e+06+819236j
2013-08-28 02:30:00 PST,+141098+0j,+1.50674e+06+819709j
2013-08-28 02:31:00 PST,+141102+0j,+1.50932e+06+820660j
2013-08-28 02:32:00 PST,+141101+0j,+1.51046e+06+820408j
2013-08-28 02:33:00 PST,+141099+0j,+1.51339e+06+821012j
2013-08-28 02:34:00 PST,+141099+0j,+1.52129e+06+823797j
2013-08-28 02:35:00 PST,+141097+0j,+1.52732e+06+825695j
2013-08-28 02:36:00 PST,+141091+0j,+1.52428e+06+824254j
2013-08-28 02:37:00 PST,+141087+0j,+1.52012e+06+822857j
2013-08-28 02:38:00 PST,+141089+0j,+1.52103e+06+823691j
2013-08-28 02:39:00 PST,+141093+0j,+1.52007e+06+823643j
2013-08-28 02:40:00 PST,+141091+0j,+1.51409e+06+821395j
2013-08-28 02:41:00 PST,+141092+0j,+1.51138e+06+820422j
2013-08-28 02:42:00 PST,+141097+0j,+1.51474e+06+821950j
2013-08-28 02:43:00 PST,+141099+0j,+1.5162e+06+822579j
2013-08-28 02:44:00 PST,+141096+0j,+1.51266e+06+821006j
2013-08-28 02:45:00 PST,+141094+0j,+1.511e+06+820325j
2013-08-28 02:46:00 PST,+141098+0j,+1.51245e+06+821309j
2013-08-28 02:47:00 PST,+141099+0j,+1.51038e+06+820948j
2013-08-28 02:48:00 PST,+141097+0j,+1.50339e+06+818415j
2013-08-28 02:49:00 PST,+141099+0j,+1.49831e+06+816782j
2013-08-28 02:50:00 PST,+141104+0j,+1.49813e+06+817320j
2013-08-28 02:51:00 PST,+141108+0j,+1.49798e+06+817505j
2013-08-28 02:52:00 PST,+141107+0j,+1.49466e+06+816005j
2013-08-28 02:53:00 PST,+141107+0j,+1.49317e+06+815375j
2013-08-28 02:54:00 PST,+141110+0j,+1.49655e+06+816899j
2013-08-28 02:55:00 PST,+141112+0j,+1.49807e+06+817542j
2013-08-28 02:56:00 PST,+141109+0j,+1.49713e+06+816700j
2013-08-28 02:57:00 PST,+141107+0j,+1.50033e+06+817378j
2013-08-28 02:58:00 PST,+141109+0j,+1.50843e+06+820221j
2013-08-28 02:59:00 PST,+141107+0j,+1.51466e+06+822172j
2013-08-28 03:00:00 PST,+141100+0j,+1.5159e+06+821930j
2013-08-28 03:01:00 PST,+141096+0j,+1.51478e+06+821387j
2013-08-28 03:02:00 PST,+141095+0j,+1.51439e+06+821846j
2013-08-28 03:03:00 PST,+141096+0j,+1.51214e+06+821432j
2013-08-28 03:04:00 PST,+141096+0j,+1.50498e+06+818857j
2013-08-28 03:05:00 PST,+141097+0j,+1.49972e+06+817173j
2013-08-28 03:06:00 PST,+141103+0j,+1.50292e+06+818657j
2013-08-28 03:07:00 PST,+141107+0j,+1.50803e+06+820316j
2013-08-28 03:08:00 PST,+141104+0j,+1.50816e+06+819774j
2013-08-28 03:09:00 PST,+141100+0j,+1.5101e+06+820092j
2013-08-28 03:10:00 PST,+141101+0j,+1.51703e+06+822606j
2013-08-28 03:11:00 PST,+141100+0j,+1.51987e+06+823612j
2013-08-28 03:12:00 PST,+141094+0j,+1.51521e+06+821718j
2013-08-28 03:13:00 PST,+141092+0j,+1.51248e+06+820732j
2013-08-28 03:14:00 PST,+141096+0j,+1.51477e+06+821955j
2013-08-28 03:15:00 PST,+141098+0j,+1.51517e+06+822286j
2013-08-28 03:16:00 PST,+141096+0j,+1.51166e+06+820726j
2013-08-28 03:17:00 PST,+141095+0j,+1.51131e+06+820414j
2013-08-28 03:18:00 PST,+141098+0j,+1.51594e+06+822292j
2013-08-28 03:19:00 PST,+141099+0j,+1.51867e+06+823273j
2013-08-28 03:20:00 PST,+141095+0j,+1.5164e+06+822054j
2013-08-28 03:21:00 PST,+141093+0j,+1.51602e+06+821727j
2013-08-28 03:22:00 PST,+141095+0j,+1.52066e+06+823605j
2013-08-28 03:23:00 PST,+141096+0j,+1.5234e+06+824589j
2013-08-28 03:24:00 PST,+141091+0j,+1.52112e+06+823367j
2013-08-28 03:25:00 PST,+141089+0j,+1.52073e+06+823037j
2013-08-28 03:26:00 PST,+141092+0j,+1.52286e+06+824211j
2013-08-28 03:27:00 PST,+141092+0j,+1.5197e+06+823539j
2013-08-28 03:28:00 PST,+141090+0j,+1.51157e+06+820683j
2013-08-28 03:29:00 PST,+141092+0j,+1.50539e+06+818745j
2013-08-28 03:30:00 PST,+141098+0j,+1.50416e+06+818989j
2013-08-28 03:31:00 PST,+141103+0j,+1.50398e+06+819166j
2013-08-28 03:32:00 PST,+141103+0j,+1.50301e+06+818328j
2013-08-28 03:33:00 PST,+141103+0j,+1.50387e+06+818355j
2013-08-28 03:34:00 PST,+141104+0j,+1.50963e+06+820543j
2013-08-28 03:35:00 PST,+141104+0j,+1.51353e+06+821847j
2013-08-28 03:36:00 PST,+141099+0j,+1.51009e+06+820299j
2013-08-28 03:37:00 PST,+141096+0j,+1.50502e+06+818654j
2013-08-28 03:38:00 PST,+141100+0j,+1.50492e+06+819205j
2013-08-28 03:39:00 PST,+141103+0j,+1.50297e+06+818884j
2013-08-28 03:40:00 PST,+141103+0j,+1.49611e+06+816393j
2013-08-28 03:41:00 PST,+141104+0j,+1.49339e+06+815424j
2013-08-28 03:42:00 PST,+141109+0j,+1.49918e+06+817630j
2013-08-28 03:43:00 PST,+141112+0j,+1.50309e+06+818945j
2013-08-28 03:44:00 PST,+141107+0j,+1.50204e+06+818068j
2013-08-28 03:45:00 PST,+141104+0j,+1.50285e+06+818071j
2013-08-28 03:46:00 PST,+141105+0j,+1.50903e+06+820378j
2013-08-28 03:47:00 PST,+141105+0j,+1.5141e+06+822010j
2013-08-28 03:48:00 PST,+141100+0j,+1.51418e+06+821447j
2013-08-28 03:49:00 PST,+141096+0j,+1.51612e+06+821766j
2013-08-28 03:50:00 PST,+141097+0j,+1.52308e+06+824290j
2013-08-28 03:51:00 PST,+141095+0j,+1.5265e+06+825458j
2013-08-28 03:52:00 PST,+141090+0j,+1.52192e+06+823586j
2013-08-28 03:53:00 PST,+141087+0j,+1.51927e+06+822620j
2013-08-28 03:54:00 PST,+141091+0j,+1.52169e+06+823880j
2013-08-28 03:55:00 PST,+141093+0j,+1.52219e+06+824242j
2013-08-28 03:56:00 PST,+141091+0j,+1.51872e+06+822690j
2013-08-28 03:57:00 PST,+141090+0j,+1.51912e+06+822588j
2013-08-28 03:58:00 PST,+141093+0j,+1.52454e+06+824688j
2013-08-28 03:59:00 PST,+141093+0j,+1.52804e+06+825883j
2013-08-28 04:00:00 PST,+141089+0j,+1.52842e+06+825627j
2013-08-28 04:01:00 PST,+141086+0j,+1.52815e+06+825328j
2013-08-28 04:02:00 PST,+141086+0j,+1.52971e+06+826115j
2013-08-28 04:03:00 PST,+141087+0j,+1.53133e+06+826785j
2013-08-28 04:04:00 PST,+141085+0j,+1.52986e+06+826019j
2013-08-28 04:05:00 PST,+141084+0j,+1.52834e+06+825374j
2013-08-28 04:06:00 PST,+141085+0j,+1.52992e+06+826173j
2013-08-28 04:07:00 PST,+141087+0j,+1.53157e+06+826852j
2013-08-28 04:08:00 PST,+141085+0j,+1.53011e+06+826088j
2013-08-28 04:09:00 PST,+141083+0j,+1.52859e+06+825445j
2013-08-28 04:10:00 PST,+141085+0j,+1.53019e+06+826246j
2013-08-28 04:11:00 PST,+141086+0j,+1.53108e+06+826716j
2013-08-28 04:12:00 PST,+141085+0j,+1.52716e+06+825261j
2013-08-28 04:13:00 PST,+141084+0j,+1.52321e+06+823936j
2013-08-28 04:14:00 PST,+141087+0j,+1.52237e+06+824058j
2013-08-28 04:15:00 PST,+141090+0j,+1.52156e+06+824055j
2013-08-28 04:16:00 PST,+141090+0j,+1.51737e+06+822530j
2013-08-28 04:17:00 PST,+141091+0j,+1.51044e+06+820156j
2013-08-28 04:18:00 PST,+141096+0j,+1.50851e+06+819981j
2013-08-28 04:19:00 PST,+141099+0j,+1.50849e+06+820420j
2013-08-28 04:20:00 PST,+141099+0j,+1.50352e+06+818674j
2013-08-28 04:21:00 PST,+141100+0j,+1.49981e+06+817207j
2013-08-28 04:22:00 PST,+141105+0j,+1.50933e+06+820243j
2013-08-28 04:23:00 PST,+141107+0j,+1.52078e+06+823892j
2013-08-28 04:24:00 PST,+141098+0j,+1.52714e+06+825300j
2013-08-28 04:25:00 PST,+141091+0j,+1.5315e+06+826067j
2013-08-28 04:26:00 PST,+141089+0j,+1.53837e+06+828338j
2013-08-28 04:27:00 PST,+141085+0j,+1.53998e+06+829211j
2013-08-28 04:28:00 PST,+141078+0j,+1.5365e+06+827862j
2013-08-28 04:29:00 PST,+141078+0j,+1.53309e+06+826690j
2013-08-28 04:30:00 PST,+141080+0j,+1.5328e+06+826966j
2013-08-28 04:31:00 PST,+141083+0j,+1.53341e+06+827359j
2013-08-28 04:32:00 PST,+141083+0j,+1.5335e+06+827036j
2013-08-28 04:33:00 PST,+141082+0j,+1.53353e+06+826827j
2013-08-28 04:34:00 PST,+141083+0j,+1.53664e+06+828052j
2013-08-28 04:35:00 PST,+141083+0j,+1.53981e+06+829158j
2013-08-28 04:36:00 PST,+141080+0j,+1.53895e+06+828559j
2013-08-28 04:37:00 PST,+141078+0j,+1.53508e+06+827248j
2013-08-28 04:38:00 PST,+141079+0j,+1.53434e+06+827392j
2013-08-28 04:39:00 PST,+141082+0j,+1.53368e+06+827429j
2013-08-28 04:40:00 PST,+141082+0j,+1.52991e+06+826021j
2013-08-28 04:41:00 PST,+141082+0j,+1.52574e+06+824638j
2013-08-28 04:42:00 PST,+141085+0j,+1.52341e+06+824343j
2013-08-28 04:43:00 PST,+141088+0j,+1.52112e+06+823925j
2013-08-28 04:44:00 PST,+141090+0j,+1.51578e+06+822082j
2013-08-28 04:45:00 PST,+141091+0j,+1.5085e+06+819612j
2013-08-28 04:46:00 PST,+141095+0j,+1.50822e+06+819898j
2013-08-28 04:47:00 PST,+141101+0j,+1.51786e+06+823053j
2013-08-28 04:48:00 PST,+141101+0j,+1.5225e+06+824004j
2013-08-28 04:49:00 PST,+141093+0j,+1.525e+06+824248j
2013-08-28 04:50:00 PST,+141090+0j,+1.53255e+06+826709j
2013-08-28 04:51:00 PST,+141089+0j,+1.5418e+06+829737j
2013-08-28 04:52:00 PST,+141083+0j,+1.54436e+06+830093j
2013-08-28 04:53:00 PST,+141076+0j,+1.54843e+06+831214j
2013-08-28 04:54:00 PST,+141075+0j,+1.55412e+06+833159j
2013-08-28 04:55:00 PST,+141072+0j,+1.55826e+06+834317j
2013-08-28 04:56:00 PST,+141067+0j,+1.55979e+06+834383j
2013-08-28 04:57:00 PST,+141065+0j,+1.55808e+06+833890j
2013-08-28 04:58:00 PST,+141064+0j,+1.55795e+06+834199j
2013-08-28 04:59:00 PST,+141065+0j,+1.5563e+06+833739j
2013-08-28 05:00:00 PST,+141065+0j,+1.5531e+06+832488j
2013-08-28 05:01:00 PST,+141066+0j,+1.55093e+06+831882j
2013-08-28 05:02:00 PST,+141069+0j,+1.54762e+06+831307j
2013-08-28 05:03:00 PST,+141070+0j,+1.54276e+06+829941j
2013-08-28 05:04:00 PST,+141072+0j,+1.53639e+06+827810j
2013-08-28 05:05:00 PST,+141076+0j,+1.53001e+06+825813j
2013-08-28 05:06:00 PST,+141082+0j,+1.52824e+06+825689j
2013-08-28 05:07:00 PST,+141085+0j,+1.53507e+06+827835j
2013-08-28 05:08:00 PST,+141085+0j,+1.53878e+06+828525j
2013-08-28 05:09:00 PST,+141081+0j,+1.54235e+06+829307j
2013-08-28 05:10:00 PST,+141080+0j,+1.54908e+06+831542j
2013-08-28 05:11:00 PST,+141077+0j,+1.5549e+06+833385j
2013-08-28 05:12:00 PST,+141070+0j,+1.55168e+06+832108j
2013-08-28 05:13:00 PST,+141067+0j,+1.55006e+06+831641j
2013-08-28 05:14:00 PST,+141070+0j,+1.55007e+06+832001j
2013-08-28 05:15:00 PST,+141071+0j,+1.54852e+06+831566j
2013-08-28 05:16:00 PST,+141070+0j,+1.54571e+06+830426j
2013-08-28 05:17:00 PST,+141071+0j,+1.54652e+06+830659j
2013-08-28 05:18:00 PST,+141074+0j,+1.54888e+06+831679j
2013-08-28 05:19:00 PST,+141073+0j,+1.54967e+06+831899j
2013-08-28 05:20:00 PST,+141071+0j,+1.5489e+06+831327j
2013-08-28 05:21:00 PST,+141071+0j,+1.54998e+06+831632j
2013-08-28 05:22:00 PST,+141072+0j,+1.5551e+06+833422j
2013-08-28 05:23:00 PST,+141071+0j,+1.55865e+06+834422j
2013-08-28 05:24:00 PST,+141067+0j,+1.5606e+06+834608j
2013-08-28 05:25:00 PST,+141064+0j,+1.56411e+06+835594j
2013-08-28 05:26:00 PST,+141063+0j,+1.56907e+06+837335j
2013-08-28 05:27:00 PST,+141061+0j,+1.57108e+06+837893j
2013-08-28 05:28:00 PST,+141057+0j,+1.57149e+06+837649j
2013-08-28 05:29:00 PST,+141055+0j,+1.57352e+06+838217j
2013-08-28 05:30:00 PST,+141056+0j,+1.57714e+06+839585j
2013-08-28 05:31:00 PST,+141054+0j,+1.57921e+06+840166j
2013-08-28 05:32:00 PST,+141051+0j,+1.58021e+06+840091j
2013-08-28 05:33:00 PST,+141050+0j,+1.58282e+06+840823j
2013-08-28 05:34:00 PST,+141049+0j,+1.58703e+06+842357j
2013-08-28 05:35:00 PST,+141047+0j,+1.58963e+06+843088j
2013-08-28 05:36:00 PST,+141044+0j,+1.58989e+06+842802j
2013-08-28 05:37:00 PST,+141042+0j,+1.58164e+06+840461j
2013-08-28 05:38:00 PST,+141042+0j,+1.57499e+06+838934j
2013-08-28 05:39:00 PST,+141048+0j,+1.56686e+06+836655j
2013-08-28 05:40:00 PST,+141053+0j,+1.55714e+06+833588j
2013-08-28 05:41:00 PST,+141058+0j,+1.54967e+06+831499j
2013-08-28 05:42:00 PST,+141066+0j,+1.55564e+06+833554j
2013-08-28 05:43:00 PST,+141071+0j,+1.56004e+06+834815j
2013-08-28 05:44:00 PST,+141066+0j,+1.56272e+06+835206j
2013-08-28 05:45:00 PST,+141063+0j,+1.56697e+06+836398j
2013-08-28 05:46:00 PST,+141062+0j,+1.57272e+06+838357j
2013-08-28 05:47:00 PST,+141059+0j,+1.57424e+06+838777j
2013-08-28 05:48:00 PST,+141054+0j,+1.57417e+06+838395j
2013-08-28 05:49:00 PST,+141053+0j,+1.57572e+06+838830j
2013-08-28 05:50:00 PST,+141054+0j,+1.57888e+06+840069j
2013-08-28 05:51:00 PST,+141053+0j,+1.58049e+06+840522j
2013-08-28 05:52:00 PST,+141050+0j,+1.58309e+06+840901j
2013-08-28 05:53:00 PST,+141049+0j,+1.5873e+06+842087j
2013-08-28 05:54:00 PST,+141047+0j,+1.59309e+06+844065j
2013-08-28 05:55:00 PST,+141044+0j,+1.59727e+06+845239j
2013-08-28 05:56:00 PST,+141040+0j,+1.5998e+06+845591j
2013-08-28 05:57:00 PST,+141037+0j,+1.60299e+06+846488j
2013-08-28 05:58:00 PST,+141035+0j,+1.60784e+06+848199j
2013-08-28 05:59:00 PST,+141033+0j,+1.61105e+06+849103j
2013-08-28 06:00:00 PST,+141029+0j,+1.6126e+06+849184j
2013-08-28 06:01:00 PST,+141027+0j,+1.61794e+06+850914j
2013-08-28 06:02:00 PST,+141024+0j,+1.62456e+06+853128j
2013-08-28 06:03:00 PST,+141022+0j,+1.62741e+06+853706j
2013-08-28 06:04:00 PST,+141019+0j,+1.63071e+06+854286j
2013-08-28 06:05:00 PST,+141015+0j,+1.63783e+06+856524j
2013-08-28 06:06:00 PST,+141011+0j,+1.64447e+06+858738j
2013-08-28 06:07:00 PST,+141008+0j,+1.64456e+06+858744j
2013-08-28 06:08:00 PST,+141005+0j,+1.64334e+06+858040j
2013-08-28 06:09:00 PST,+141003+0j,+1.64424e+06+858300j
2013-08-28 06:10:00 PST,+141002+0j,+1.64642e+06+859263j
2013-08-28 06:11:00 PST,+141003+0j,+1.64652e+06+859286j
2013-08-28 06:12:00 PST,+141003+0j,+1.64828e+06+859440j
2013-08-28 06:13:00 PST,+141001+0j,+1.6522e+06+860562j
2013-08-28 06:14:00 PST,+140998+0j,+1.65738e+06+862372j
2013-08-28 06:15:00 PST,+140998+0j,+1.66047e+06+863237j
2013-08-28 06:16:00 PST,+140995+0j,+1.66226e+06+863395j
2013-08-28 06:17:00 PST,+140991+0j,+1.66431e+06+863977j
2013-08-28 06:18:00 PST,+140988+0j,+1.66758e+06+865242j
2013-08-28 06:19:00 PST,+140989+0j,+1.66876e+06+865568j
2013-08-28 06:20:00 PST,+140988+0j,+1.66862e+06+865184j
2013-08-28 06:21:00 PST,+140985+0j,+1.67061e+06+865754j
2013-08-28 06:22:00 PST,+140984+0j,+1.67444e+06+867184j
2013-08-28 06:23:00 PST,+140984+0j,+1.67618e+06+867669j
2013-08-28 06:24:00 PST,+140983+0j,+1.67659e+06+867439j
2013-08-28 06:25:00 PST,+140980+0j,+1.67913e+06+868165j
2013-08-28 06:26:00 PST,+140978+0j,+1.68299e+06+869606j
2013-08-28 06:27:00 PST,+140978+0j,+1.67489e+06+867283j
2013-08-28 06:28:00 PST,+140977+0j,+1.66472e+06+864034j
2013-08-28 06:29:00 PST,+140981+0j,+1.65679e+06+861800j
2013-08-28 06:30:00 PST,+140987+0j,+1.65014e+06+860271j
2013-08-28 06:31:00 PST,+140994+0j,+1.6414e+06+857800j
2013-08-28 06:32:00 PST,+141000+0j,+1.64979e+06+859861j
2013-08-28 06:33:00 PST,+141005+0j,+1.662e+06+863364j
2013-08-28 06:34:00 PST,+140997+0j,+1.67529e+06+867470j
2013-08-28 06:35:00 PST,+140991+0j,+1.68643e+06+870617j
2013-08-28 06:36:00 PST,+140982+0j,+1.69622e+06+873044j
2013-08-28 06:37:00 PST,+140973+0j,+1.69557e+06+872840j
2013-08-28 06:38:00 PST,+140964+0j,+1.69485e+06+872949j
2013-08-28 06:39:00 PST,+140966+0j,+1.69214e+06+872168j
2013-08-28 06:40:00 PST,+140968+0j,+1.68985e+06+871520j
2013-08-28 06:41:00 PST,+140968+0j,+1.68797e+06+870996j
2013-08-28 06:42:00 PST,+140968+0j,+1.69112e+06+871896j
2013-08-28 06:43:00 PST,+140971+0j,+1.69285e+06+872044j
2013-08-28 06:44:00 PST,+140973+0j,+1.69672e+06+873159j
2013-08-28 06:45:00 PST,+140968+0j,+1.70271e+06+875207j
2013-08-28 06:46:00 PST,+140962+0j,+1.70644e+06+876258j
2013-08-28 06:47:00 PST,+140961+0j,+1.7138e+06+878344j
2013-08-28 06:48:00 PST,+140960+0j,+1.72218e+06+880749j
2013-08-28 06:49:00 PST,+140953+0j,+1.7309e+06+883233j
2013-08-28 06:50:00 PST,+140945+0j,+1.73914e+06+885578j
2013-08-28 06:51:00 PST,+140941+0j,+1.74699e+06+887801j
2013-08-28 06:52:00 PST,+140937+0j,+1.74242e+06+886473j
2013-08-28 06:53:00 PST,+140929+0j,+1.73609e+06+884647j
2013-08-28 06:54:00 PST,+140930+0j,+1.72948e+06+882751j
2013-08-28 06:55:00 PST,+140937+0j,+1.72251e+06+880764j
2013-08-28 06:56:00 PST,+140943+0j,+1.716e+06+878915j
2013-08-28 06:57:00 PST,+140946+0j,+1.72346e+06+881080j
2013-08-28 06:58:00 PST,+140949+0j,+1.733e+06+883831j
2013-08-28 06:59:00 PST,+140946+0j,+1.74195e+06+886370j
2013-08-28 07:00:00 PST,+140941+0j,+1.75133e+06+889055j
2013-08-28 07:01:00 PST,+140932+0j,+1.7611e+06+891846j
2013-08-28 07:02:00 PST,+140924+0j,+1.77663e+06+896304j
2013-08-28 07:03:00 PST,+140919+0j,+1.79305e+06+900996j
2013-08-28 07:04:00 PST,+140909+0j,+1.80983e+06+905827j
2013-08-28 07:05:00 PST,+140896+0j,+1.82699e+06+910755j
2013-08-28 07:06:00 PST,+140881+0j,+1.84363e+06+915552j
2013-08-28 07:07:00 PST,+140871+0j,+1.84182e+06+915194j
2013-08-28 07:08:00 PST,+140859+0j,+1.83319e+06+912642j
2013-08-28 07:09:00 PST,+140860+0j,+1.82275e+06+909416j
2013-08-28 07:10:00 PST,+140866+0j,+1.8145e+06+907041j
2013-08-28 07:11:00 PST,+140874+0j,+1.80832e+06+905498j
2013-08-28 07:12:00 PST,+140880+0j,+1.80726e+06+905209j
2013-08-28 07:13:00 PST,+140884+0j,+1.8034e+06+903660j
2013-08-28 07:14:00 PST,+140885+0j,+1.80402e+06+903844j
2013-08-28 07:15:00 PST,+140888+0j,+1.80925e+06+905814j
2013-08-28 07:16:00 PST,+140888+0j,+1.80985e+06+905984j
2013-08-28 07:17:00 PST,+140883+0j,+1.8081e+06+905015j
2013-08-28 07:18:00 PST,+140883+0j,+1.8116e+06+906032j
2013-08-28 07:19:00 PST,+140885+0j,+1.81975e+06+908840j
2013-08-28 07:20:00 PST,+140882+0j,+1.82322e+06+909838j
2013-08-28 07:21:00 PST,+140876+0j,+1.82454e+06+909984j
2013-08-28 07:22:00 PST,+140873+0j,+1.83404e+06+912737j
2013-08-28 07:23:00 PST,+140873+0j,+1.84745e+06+916832j
2013-08-28 07:24:00 PST,+140866+0j,+1.85863e+06+920066j
2013-08-28 07:25:00 PST,+140856+0j,+1.8676e+06+922420j
2013-08-28 07:26:00 PST,+140848+0j,+1.87872e+06+925642j
2013-08-28 07:27:00 PST,+140841+0j,+1.88584e+06+927902j
2013-08-28 07:28:00 PST,+140833+0j,+1.89085e+06+929673j
2013-08-28 07:29:00 PST,+140826+0j,+1.8938e+06+930512j
2013-08-28 07:30:00 PST,+140824+0j,+1.8948e+06+930463j
2013-08-28 07:31:00 PST,+140823+0j,+1.89791e+06+931369j
2013-08-28 07:32:00 PST,+140821+0j,+1.89496e+06+930829j
2013-08-28 07:33:00 PST,+140817+0j,+1.88981e+06+929548j
2013-08-28 07:34:00 PST,+140818+0j,+1.88003e+06+926367j
2013-08-28 07:35:00 PST,+140826+0j,+1.86979e+06+923172j
2013-08-28 07:36:00 PST,+140834+0j,+1.86424e+06+921918j
2013-08-28 07:37:00 PST,+140837+0j,+1.87594e+06+925124j
2013-08-28 07:38:00 PST,+140843+0j,+1.89559e+06+930555j
2013-08-28 07:39:00 PST,+140836+0j,+1.91926e+06+937645j
2013-08-28 07:40:00 PST,+140821+0j,+1.94263e+06+944794j
2013-08-28 07:41:00 PST,+140801+0j,+1.96693e+06+952105j
2013-08-28 07:42:00 PST,+140783+0j,+1.96433e+06+950933j
2013-08-28 07:43:00 PST,+140770+0j,+1.95269e+06+947225j
2013-08-28 07:44:00 PST,+140772+0j,+1.94642e+06+945722j
2013-08-28 07:45:00 PST,+140776+0j,+1.94078e+06+944324j
2013-08-28 07:46:00 PST,+140780+0j,+1.93021e+06+940905j
2013-08-28 07:47:00 PST,+140788+0j,+1.93474e+06+942034j
2013-08-28 07:48:00 PST,+140797+0j,+1.9508e+06+947105j
2013-08-28 07:49:00 PST,+140789+0j,+1.96718e+06+952135j
2013-08-28 07:50:00 PST,+140777+0j,+1.97843e+06+955076j
2013-08-28 07:51:00 PST,+140769+0j,+1.98906e+06+957938j
2013-08-28 07:52:00 PST,+140762+0j,+1.99587e+06+960452j
2013-08-28 07:53:00 PST,+140750+0j,+1.99578e+06+960628j
2013-08-28 07:54:00 PST,+140744+0j,+1.98835e+06+957880j
2013-08-28 07:55:00 PST,+140748+0j,+1.98286e+06+956032j
2013-08-28 07:56:00 PST,+140754+0j,+1.98487e+06+957190j
2013-08-28 07:57:00 PST,+140754+0j,+1.99078e+06+959173j
2013-08-28 07:58:00 PST,+140752+0j,+1.99192e+06+958956j
2013-08-28 07:59:00 PST,+140751+0j,+1.99477e+06+959559j
2013-08-28 08:00:00 PST,+140752+0j,+2.00516e+06+963162j
2013-08-28 08:01:00 PST,+140745+0j,+2.01371e+06+965915j
2013-08-28 08:02:00 PST,+140737+0j,+2.0173e+06+966401j
2013-08-28 08:03:00 PST,+140735+0j,+2.02408e+06+968165j
2013-08-28 08:04:00 PST,+140733+0j,+2.03856e+06+972975j
2013-08-28 08:05:00 PST,+140724+0j,+2.05114e+06+976930j
2013-08-28 08:06:00 PST,+140712+0j,+2.05588e+06+977748j
2013-08-28 08:07:00 PST,+140707+0j,+2.05365e+06+976827j
2013-08-28 08:08:00 PST,+140705+0j,+2.05449e+06+977608j
2013-08-28 08:09:00 PST,+140702+0j,+2.05352e+06+977555j
2013-08-28 08:10:00 PST,+140700+0j,+2.0448e+06+974428j
2013-08-28 08:11:00 PST,+140705+0j,+2.03802e+06+972185j
2013-08-28 08:12:00 PST,+140713+0j,+2.05005e+06+976317j
2013-08-28 08:13:00 PST,+140713+0j,+2.06654e+06+981472j
2013-08-28 08:14:00 PST,+140703+0j,+2.07491e+06+983373j
2013-08-28 08:15:00 PST,+140696+0j,+2.08505e+06+986130j
2013-08-28 08:16:00 PST,+140690+0j,+2.10325e+06+992061j
2013-08-28 08:17:00 PST,+140678+0j,+2.12013e+06+997323j
2013-08-28 08:18:00 PST,+140664+0j,+2.12915e+06+999421j
2013-08-28 08:19:00 PST,+140656+0j,+2.14332e+06+1.00365e+06j
2013-08-28 08:20:00 PST,+140647+0j,+2.16308e+06+1.01007e+06j
2013-08-28 08:21:00 PST,+140635+0j,+2.17715e+06+1.01427e+06j
2013-08-28 08:22:00 PST,+140621+0j,+2.1825e+06+1.01528e+06j
2013-08-28 08:23:00 PST,+140613+0j,+2.19088e+06+1.01779e+06j
2013-08-28 08:24:00 PST,+140608+0j,+2.20793e+06+1.02369e+06j
2013-08-28 08:25:00 PST,+140599+0j,+2.21634e+06+1.02621e+06j
2013-08-28 08:26:00 PST,+140587+0j,+2.21873e+06+1.0263e+06j
2013-08-28 08:27:00 PST,+140583+0j,+2.21927e+06+1.02646e+06j
2013-08-28 08:28:00 PST,+140580+0j,+2.22027e+06+1.02733e+06j
2013-08-28 08:29:00 PST,+140577+0j,+2.21534e+06+1.02583e+06j
2013-08-28 08:30:00 PST,+140578+0j,+2.20462e+06+1.02202e+06j
2013-08-28 08:31:00 PST,+140584+0j,+2.19993e+06+1.02063e+06j
2013-08-28 08:32:00 PST,+140590+0j,+2.21074e+06+1.02449e+06j
2013-08-28 08:33:00 PST,+140592+0j,+2.22254e+06+1.02806e+06j
2013-08-28 08:34:00 PST,+140585+0j,+2.22816e+06+1.02914e+06j
2013-08-28 08:35:00 PST,+140579+0j,+2.23971e+06+1.03263e+06j
2013-08-28 08:36:00 PST,+140573+0j,+2.25733e+06+1.03851e+06j
2013-08-28 08:37:00 PST,+140562+0j,+2.2599e+06+1.03926e+06j
2013-08-28 08:38:00 PST,+140550+0j,+2.24957e+06+1.03551e+06j
2013-08-28 08:39:00 PST,+140551+0j,+2.24562e+06+1.03432e+06j
2013-08-28 08:40:00 PST,+140557+0j,+2.24784e+06+1.03559e+06j
2013-08-28 08:41:00 PST,+140557+0j,+2.24388e+06+1.03439e+06j
2013-08-28 08:42:00 PST,+140557+0j,+2.23758e+06+1.0319e+06j
2013-08-28 08:43:00 PST,+140563+0j,+2.24042e+06+1.03279e+06j
2013-08-28 08:44:00 PST,+140566+0j,+2.24922e+06+1.03604e+06j
2013-08-28 08:45:00 PST,+140561+0j,+2.25181e+06+1.03681e+06j
2013-08-28 08:46:00 PST,+140556+0j,+2.24834e+06+1.03516e+06j
2013-08-28 08:47:00 PST,+140557+0j,+2.26279e+06+1.03955e+06j
2013-08-28 08:48:00 PST,+140558+0j,+2.29356e+06+1.04945e+06j
2013-08-28 08:49:00 PST,+140544+0j,+2.3178e+06+1.05682e+06j
2013-08-28 08:50:00 PST,+140523+0j,+2.33546e+06+1.06152e+06j
2013-08-28 08:51:00 PST,+140507+0j,+2.36249e+06+1.06996e+06j
2013-08-28 08:52:00 PST,+140492+0j,+2.37158e+06+1.07329e+06j
2013-08-28 08:53:00 PST,+140468+0j,+2.35139e+06+1.06682e+06j
2013-08-28 08:54:00 PST,+140464+0j,+2.33114e+06+1.06035e+06j
2013-08-28 08:55:00 PST,+140479+0j,+2.31797e+06+1.05661e+06j
2013-08-28 08:56:00 PST,+140494+0j,+2.30536e+06+1.05308e+06j
2013-08-28 08:57:00 PST,+140504+0j,+2.30875e+06+1.05392e+06j
2013-08-28 08:58:00 PST,+140513+0j,+2.33325e+06+1.06113e+06j
2013-08-28 08:59:00 PST,+140511+0j,+2.36391e+06+1.07071e+06j
2013-08-28 09:00:00 PST,+140493+0j,+2.39484e+06+1.08041e+06j
2013-08-28 09:01:00 PST,+140470+0j,+2.41883e+06+1.0875e+06j
2013-08-28 09:02:00 PST,+140446+0j,+2.42927e+06+1.09066e+06j
2013-08-28 09:03:00 PST,+140427+0j,+2.42521e+06+1.08957e+06j
2013-08-28 09:04:00 PST,+140420+0j,+2.41835e+06+1.08742e+06j
2013-08-28 09:05:00 PST,+140422+0j,+2.40871e+06+1.08426e+06j
2013-08-28 09:06:00 PST,+140427+0j,+2.40223e+06+1.08227e+06j
2013-08-28 09:07:00 PST,+140435+0j,+2.3988e+06+1.08147e+06j
2013-08-28 09:08:00 PST,+140440+0j,+2.39217e+06+1.07943e+06j
2013-08-28 09:09:00 PST,+140442+0j,+2.38242e+06+1.07624e+06j
2013-08-28 09:10:00 PST,+140447+0j,+2.3758e+06+1.07422e+06j
2013-08-28 09:11:00 PST,+140455+0j,+2.37225e+06+1.07338e+06j
2013-08-28 09:12:00 PST,+140460+0j,+2.37642e+06+1.07468e+06j
2013-08-28 09:13:00 PST,+140462+0j,+2.38983e+06+1.07857e+06j
2013-08-28 09:14:00 PST,+140459+0j,+2.40607e+06+1.08358e+06j
2013-08-28 09:15:00 PST,+140449+0j,+2.42522e+06+1.08963e+06j
2013-08-28 09:16:00 PST,+140437+0j,+2.44119e+06+1.09454e+06j
2013-08-28 09:17:00 PST,+140422+0j,+2.44781e+06+1.0963e+06j
2013-08-28 09:18:00 PST,+140410+0j,+2.45022e+06+1.09701e+06j
2013-08-28 09:19:00 PST,+140405+0j,+2.45982e+06+1.10047e+06j
2013-08-28 09:20:00 PST,+140403+0j,+2.46254e+06+1.1013e+06j
2013-08-28 09:21:00 PST,+140395+0j,+2.45808e+06+1.09939e+06j
2013-08-28 09:22:00 PST,+140393+0j,+2.45702e+06+1.09906e+06j
2013-08-28 09:23:00 PST,+140397+0j,+2.46124e+06+1.10119e+06j
2013-08-28 09:24:00 PST,+140395+0j,+2.45534e+06+1.09934e+06j
2013-08-28 09:25:00 PST,+140394+0j,+2.43958e+06+1.09368e+06j
2013-08-28 09:26:00 PST,+140401+0j,+2.43398e+06+1.09197e+06j
2013-08-28 09:27:00 PST,+140411+0j,+2.45423e+06+1.09876e+06j
2013-08-28 09:28:00 PST,+140415+0j,+2.49291e+06+1.11072e+06j
2013-08-28 09:29:00 PST,+140399+0j,+2.52368e+06+1.11972e+06j
2013-08-28 09:30:00 PST,+140370+0j,+2.56416e+06+1.13256e+06j
2013-08-28 09:31:00 PST,+140347+0j,+2.60986e+06+1.14731e+06j
2013-08-28 09:32:00 PST,+140315+0j,+2.61575e+06+1.14877e+06j
2013-08-28 09:33:00 PST,+140279+0j,+2.58019e+06+1.13725e+06j
2013-08-28 09:34:00 PST,+140275+0j,+2.55283e+06+1.129e+06j
2013-08-28 09:35:00 PST,+140303+0j,+2.52723e+06+1.1214e+06j
2013-08-28 09:36:00 PST,+140323+0j,+2.49432e+06+1.11092e+06j
2013-08-28 09:37:00 PST,+140342+0j,+2.47022e+06+1.10322e+06j
2013-08-28 09:38:00 PST,+140368+0j,+2.46463e+06+1.10165e+06j
2013-08-28 09:39:00 PST,+140387+0j,+2.46287e+06+1.10145e+06j
2013-08-28 09:40:00 PST,+140391+0j,+2.45703e+06+1.09956e+06j
2013-08-28 09:41:00 PST,+140393+0j,+2.44708e+06+1.0962e+06j
2013-08-28 09:42:00 PST,+140397+0j,+2.45399e+06+1.09814e+06j
2013-08-28 09:43:00 PST,+140405+0j,+2.49686e+06+1.11201e+06j
2013-08-28 09:44:00 PST,+140400+0j,+2.53578e+06+1.1243e+06j
2013-08-28 09:45:00 PST,+140367+0j,+2.56338e+06+1.13221e+06j
2013-08-28 09:46:00 PST,+140337+0j,+2.59805e+06+1.14298e+06j
2013-08-28 09:47:00 PST,+140316+0j,+2.62522e+06+1.15205e+06j
2013-08-28 09:48:00 PST,+140289+0j,+2.61907e+06+1.15003e+06j
2013-08-28 09:49:00 PST,+140267+0j,+2.60579e+06+1.14523e+06j
2013-08-28 09:50:00 PST,+140272+0j,+2.60068e+06+1.14364e+06j
2013-08-28 09:51:00 PST,+140283+0j,+2.60301e+06+1.145e+06j
2013-08-28 09:52:00 PST,+140286+0j,+2.60696e+06+1.14625e+06j
2013-08-28 09:53:00 PST,+140284+0j,+2.61984e+06+1.14967e+06j
2013-08-28 09:54:00 PST,+140281+0j,+2.63995e+06+1.15604e+06j
2013-08-28 09:55:00 PST,+140272+0j,+2.67087e+06+1.16652e+06j
2013-08-28 09:56:00 PST,+140256+0j,+2.69065e+06+1.17272e+06j
2013-08-28 09:57:00 PST,+140231+0j,+2.68819e+06+1.17137e+06j
2013-08-28 09:58:00 PST,+140216+0j,+2.66393e+06+1.16368e+06j
2013-08-28 09:59:00 PST,+140218+0j,+2.64693e+06+1.15885e+06j
2013-08-28 10:00:00 PST,+140237+0j,+2.62365e+06+1.15157e+06j
2013-08-28 10:01:00 PST,+140249+0j,+2.59358e+06+1.14166e+06j
2013-08-28 10:02:00 PST,+140267+0j,+2.58345e+06+1.13852e+06j
2013-08-28 10:03:00 PST,+140291+0j,+2.59953e+06+1.14363e+06j
2013-08-28 10:04:00 PST,+140303+0j,+2.61613e+06+1.14889e+06j
2013-08-28 10:05:00 PST,+140287+0j,+2.63283e+06+1.15406e+06j
2013-08-28 10:06:00 PST,+140271+0j,+2.64853e+06+1.159e+06j
2013-08-28 10:07:00 PST,+140262+0j,+2.66274e+06+1.16393e+06j
2013-08-28 10:08:00 PST,+140249+0j,+2.65152e+06+1.16034e+06j
2013-08-28 10:09:00 PST,+140238+0j,+2.63362e+06+1.15419e+06j
2013-08-28 10:10:00 PST,+140246+0j,+2.62312e+06+1.15089e+06j
2013-08-28 10:11:00 PST,+140261+0j,+2.61936e+06+1.15029e+06j
2013-08-28 10:12:00 PST,+140269+0j,+2.62308e+06+1.15148e+06j
2013-08-28 10:13:00 PST,+140271+0j,+2.64911e+06+1.15883e+06j
2013-08-28 10:14:00 PST,+140268+0j,+2.68566e+06+1.17036e+06j
2013-08-28 10:15:00 PST,+140249+0j,+2.73293e+06+1.1861e+06j
2013-08-28 10:16:00 PST,+140221+0j,+2.76868e+06+1.19738e+06j
2013-08-28 10:17:00 PST,+140183+0j,+2.78257e+06+1.20154e+06j
2013-08-28 10:18:00 PST,+140155+0j,+2.75257e+06+1.19192e+06j
2013-08-28 10:19:00 PST,+140144+0j,+2.72572e+06+1.18355e+06j
2013-08-28 10:20:00 PST,+140167+0j,+2.69735e+06+1.17463e+06j
2013-08-28 10:21:00 PST,+140187+0j,+2.66205e+06+1.16302e+06j
2013-08-28 10:22:00 PST,+140210+0j,+2.65162e+06+1.15976e+06j
2013-08-28 10:23:00 PST,+140238+0j,+2.69641e+06+1.1745e+06j
2013-08-28 10:24:00 PST,+140246+0j,+2.73376e+06+1.18634e+06j
2013-08-28 10:25:00 PST,+140211+0j,+2.76249e+06+1.19488e+06j
2013-08-28 10:26:00 PST,+140182+0j,+2.80285e+06+1.20802e+06j
2013-08-28 10:27:00 PST,+140160+0j,+2.82533e+06+1.21566e+06j
2013-08-28 10:28:00 PST,+140128+0j,+2.77555e+06+1.19935e+06j
2013-08-28 10:29:00 PST,+140110+0j,+2.72377e+06+1.18235e+06j
2013-08-28 10:30:00 PST,+140149+0j,+2.68523e+06+1.17056e+06j
2013-08-28 10:31:00 PST,+140189+0j,+2.6489e+06+1.1597e+06j
2013-08-28 10:32:00 PST,+140219+0j,+2.62387e+06+1.15159e+06j
2013-08-28 10:33:00 PST,+140247+0j,+2.6664e+06+1.16453e+06j
2013-08-28 10:34:00 PST,+140267+0j,+2.71525e+06+1.18002e+06j
2013-08-28 10:35:00 PST,+140234+0j,+2.76933e+06+1.19762e+06j
2013-08-28 10:36:00 PST,+140198+0j,+2.81618e+06+1.21248e+06j
2013-08-28 10:37:00 PST,+140154+0j,+2.85159e+06+1.22355e+06j
2013-08-28 10:38:00 PST,+140114+0j,+2.86247e+06+1.22695e+06j
2013-08-28 10:39:00 PST,+140090+0j,+2.87692e+06+1.23172e+06j
2013-08-28 10:40:00 PST,+140085+0j,+2.88853e+06+1.23547e+06j
2013-08-28 10:41:00 PST,+140069+0j,+2.9044e+06+1.24088e+06j
2013-08-28 10:42:00 PST,+140055+0j,+2.90923e+06+1.24239e+06j
2013-08-28 10:43:00 PST,+140046+0j,+2.89063e+06+1.23636e+06j
2013-08-28 10:44:00 PST,+140043+0j,+2.8722e+06+1.23042e+06j
2013-08-28 10:45:00 PST,+140057+0j,+2.85442e+06+1.22474e+06j
2013-08-28 10:46:00 PST,+140071+0j,+2.8366e+06+1.21905e+06j
2013-08-28 10:47:00 PST,+140086+0j,+2.81874e+06+1.213e+06j
2013-08-28 10:48:00 PST,+140104+0j,+2.82329e+06+1.21454e+06j
2013-08-28 10:49:00 PST,+140114+0j,+2.82837e+06+1.21628e+06j
2013-08-28 10:50:00 PST,+140107+0j,+2.82852e+06+1.21605e+06j
2013-08-28 10:51:00 PST,+140110+0j,+2.83179e+06+1.217e+06j
2013-08-28 10:52:00 PST,+140111+0j,+2.84091e+06+1.22021e+06j
2013-08-28 10:53:00 PST,+140101+0j,+2.85781e+06+1.22595e+06j
2013-08-28 10:54:00 PST,+140093+0j,+2.86662e+06+1.22849e+06j
2013-08-28 10:55:00 PST,+140087+0j,+2.87438e+06+1.23065e+06j
2013-08-28 10:56:00 PST,+140081+0j,+2.89039e+06+1.23606e+06j
2013-08-28 10:57:00 PST,+140068+0j,+2.90472e+06+1.24098e+06j
2013-08-28 10:58:00 PST,+140054+0j,+2.90247e+06+1.24019e+06j
2013-08-28 10:59:00 PST,+140046+0j,+2.90044e+06+1.23952e+06j
2013-08-28 11:00:00 PST,+140048+0j,+2.89874e+06+1.23897e+06j
2013-08-28 11:01:00 PST,+140049+0j,+2.89703e+06+1.23842e+06j
2013-08-28 11:02:00 PST,+140051+0j,+2.89598e+06+1.23809e+06j
2013-08-28 11:03:00 PST,+140052+0j,+2.89836e+06+1.23887e+06j
2013-08-28 11:04:00 PST,+140053+0j,+2.90072e+06+1.23963e+06j
2013-08-28 11:05:00 PST,+140051+0j,+2.90299e+06+1.24036e+06j
2013-08-28 11:06:00 PST,+140049+0j,+2.90526e+06+1.24109e+06j
2013-08-28 11:07:00 PST,+140047+0j,+2.90575e+06+1.24124e+06j
2013-08-28 11:08:00 PST,+140046+0j,+2.89588e+06+1.23802e+06j
2013-08-28 11:09:00 PST,+140045+0j,+2.88604e+06+1.23485e+06j
2013-08-28 11:10:00 PST,+140053+0j,+2.87649e+06+1.23179e+06j
2013-08-28 11:11:00 PST,+140061+0j,+2.86693e+06+1.22873e+06j
2013-08-28 11:12:00 PST,+140068+0j,+2.86235e+06+1.22729e+06j
2013-08-28 11:13:00 PST,+140076+0j,+2.88583e+06+1.23454e+06j
2013-08-28 11:14:00 PST,+140084+0j,+2.9139e+06+1.24361e+06j
2013-08-28 11:15:00 PST,+140061+0j,+2.9456e+06+1.25415e+06j
2013-08-28 11:16:00 PST,+140035+0j,+2.97241e+06+1.26279e+06j
2013-08-28 11:17:00 PST,+140014+0j,+3.00315e+06+1.27297e+06j
2013-08-28 11:18:00 PST,+139992+0j,+3.03282e+06+1.28297e+06j
2013-08-28 11:19:00 PST,+139967+0j,+3.05331e+06+1.28938e+06j
2013-08-28 11:20:00 PST,+139943+0j,+3.07286e+06+1.29537e+06j
2013-08-28 11:21:00 PST,+139927+0j,+3.10187e+06+1.30511e+06j
2013-08-28 11:22:00 PST,+139911+0j,+3.13116e+06+1.31535e+06j
2013-08-28 11:23:00 PST,+139884+0j,+3.10714e+06+1.30715e+06j
2013-08-28 11:24:00 PST,+139863+0j,+3.07871e+06+1.29714e+06j
2013-08-28 11:25:00 PST,+139887+0j,+3.06513e+06+1.29298e+06j
2013-08-28 11:26:00 PST,+139906+0j,+3.05598e+06+1.29064e+06j
2013-08-28 11:27:00 PST,+139913+0j,+3.03583e+06+1.28381e+06j
2013-08-28 11:28:00 PST,+139923+0j,+3.0357e+06+1.28317e+06j
2013-08-28 11:29:00 PST,+139943+0j,+3.04884e+06+1.28775e+06j
2013-08-28 11:30:00 PST,+139940+0j,+3.06583e+06+1.29393e+06j
2013-08-28 11:31:00 PST,+139927+0j,+3.06942e+06+1.29484e+06j
2013-08-28 11:32:00 PST,+139916+0j,+3.06707e+06+1.29342e+06j
2013-08-28 11:33:00 PST,+139917+0j,+3.06259e+06+1.2922e+06j
2013-08-28 11:34:00 PST,+139916+0j,+3.0627e+06+1.29286e+06j
2013-08-28 11:35:00 PST,+139915+0j,+3.04984e+06+1.2884e+06j
2013-08-28 11:36:00 PST,+139918+0j,+3.03246e+06+1.2821e+06j
2013-08-28 11:37:00 PST,+139932+0j,+3.02859e+06+1.28111e+06j
2013-08-28 11:38:00 PST,+139943+0j,+3.03194e+06+1.28284e+06j
2013-08-28 11:39:00 PST,+139943+0j,+3.02201e+06+1.27936e+06j
2013-08-28 11:40:00 PST,+139943+0j,+3.00751e+06+1.27401e+06j
2013-08-28 11:41:00 PST,+139955+0j,+3.00622e+06+1.27386e+06j
2013-08-28 11:42:00 PST,+139963+0j,+3.01138e+06+1.27617e+06j
2013-08-28 11:43:00 PST,+139961+0j,+3.04185e+06+1.28587e+06j
2013-08-28 11:44:00 PST,+139959+0j,+3.0675e+06+1.29364e+06j
2013-08-28 11:45:00 PST,+139939+0j,+3.10534e+06+1.30627e+06j
2013-08-28 11:46:00 PST,+139916+0j,+3.14798e+06+1.32091e+06j
2013-08-28 11:47:00 PST,+139885+0j,+3.17573e+06+1.32978e+06j
2013-08-28 11:48:00 PST,+139850+0j,+3.17125e+06+1.328e+06j
2013-08-28 11:49:00 PST,+139828+0j,+3.17651e+06+1.32993e+06j
2013-08-28 11:50:00 PST,+139831+0j,+3.18167e+06+1.33189e+06j
2013-08-28 11:51:00 PST,+139826+0j,+3.18242e+06+1.33213e+06j
2013-08-28 11:52:00 PST,+139822+0j,+3.17927e+06+1.33082e+06j
2013-08-28 11:53:00 PST,+139821+0j,+3.18453e+06+1.33259e+06j
2013-08-28 11:54:00 PST,+139824+0j,+3.194e+06+1.33596e+06j
2013-08-28 11:55:00 PST,+139819+0j,+3.19912e+06+1.33767e+06j
2013-08-28 11:56:00 PST,+139811+0j,+3.20003e+06+1.33769e+06j
2013-08-28 11:57:00 PST,+139807+0j,+3.20501e+06+1.33936e+06j
2013-08-28 11:58:00 PST,+139807+0j,+3.2001e+06+1.33834e+06j
2013-08-28 11:59:00 PST,+139798+0j,+3.1855e+06+1.33341e+06j
2013-08-28 12:00:00 PST,+139806+0j,+3.16234e+06+1.32519e+06j
2013-08-28 12:01:00 PST,+139822+0j,+3.14877e+06+1.32068e+06j
2013-08-28 12:02:00 PST,+139837+0j,+3.13907e+06+1.31781e+06j
2013-08-28 12:03:00 PST,+139848+0j,+3.16249e+06+1.32556e+06j
2013-08-28 12:04:00 PST,+139856+0j,+3.18198e+06+1.33178e+06j
2013-08-28 12:05:00 PST,+139837+0j,+3.20438e+06+1.33918e+06j
2013-08-28 12:06:00 PST,+139822+0j,+3.23104e+06+1.34827e+06j
2013-08-28 12:07:00 PST,+139804+0j,+3.25343e+06+1.3557e+06j
2013-08-28 12:08:00 PST,+139782+0j,+3.23253e+06+1.34883e+06j
2013-08-28 12:09:00 PST,+139758+0j,+3.21382e+06+1.3428e+06j
2013-08-28 12:10:00 PST,+139780+0j,+3.19132e+06+1.33522e+06j
2013-08-28 12:11:00 PST,+139799+0j,+3.16548e+06+1.32646e+06j
2013-08-28 12:12:00 PST,+139813+0j,+3.13982e+06+1.31776e+06j
2013-08-28 12:13:00 PST,+139834+0j,+3.18933e+06+1.33417e+06j
2013-08-28 12:14:00 PST,+139855+0j,+3.24544e+06+1.35312e+06j
2013-08-28 12:15:00 PST,+139815+0j,+3.29486e+06+1.36956e+06j
2013-08-28 12:16:00 PST,+139770+0j,+3.34517e+06+1.38655e+06j
2013-08-28 12:17:00 PST,+139730+0j,+3.39966e+06+1.40509e+06j
2013-08-28 12:18:00 PST,+139688+0j,+3.3764e+06+1.3974e+06j
2013-08-28 12:19:00 PST,+139643+0j,+3.35536e+06+1.39045e+06j
2013-08-28 12:20:00 PST,+139662+0j,+3.32206e+06+1.37906e+06j
2013-08-28 12:21:00 PST,+139677+0j,+3.29183e+06+1.36878e+06j
2013-08-28 12:22:00 PST,+139705+0j,+3.26721e+06+1.36085e+06j
2013-08-28 12:23:00 PST,+139730+0j,+3.28201e+06+1.36521e+06j
2013-08-28 12:24:00 PST,+139750+0j,+3.30582e+06+1.37296e+06j
2013-08-28 12:25:00 PST,+139738+0j,+3.34258e+06+1.38593e+06j
2013-08-28 12:26:00 PST,+139720+0j,+3.37329e+06+1.39644e+06j
2013-08-28 12:27:00 PST,+139689+0j,+3.38883e+06+1.40101e+06j
2013-08-28 12:28:00 PST,+139664+0j,+3.3913e+06+1.40182e+06j
2013-08-28 12:29:00 PST,+139652+0j,+3.4027e+06+1.40629e+06j
2013-08-28 12:30:00 PST,+139649+0j,+3.40421e+06+1.40678e+06j
2013-08-28 12:31:00 PST,+139639+0j,+3.41732e+06+1.41146e+06j
2013-08-28 12:32:00 PST,+139638+0j,+3.4189e+06+1.41199e+06j
2013-08-28 12:33:00 PST,+139626+0j,+3.41124e+06+1.40932e+06j
2013-08-28 12:34:00 PST,+139625+0j,+3.40703e+06+1.40789e+06j
2013-08-28 12:35:00 PST,+139631+0j,+3.40345e+06+1.4067e+06j
2013-08-28 12:36:00 PST,+139634+0j,+3.39942e+06+1.40533e+06j
2013-08-28 12:37:00 PST,+139637+0j,+3.38943e+06+1.40159e+06j
2013-08-28 12:38:00 PST,+139641+0j,+3.39221e+06+1.40254e+06j
2013-08-28 12:39:00 PST,+139650+0j,+3.40199e+06+1.40624e+06j
2013-08-28 12:40:00 PST,+139647+0j,+3.40532e+06+1.40737e+06j
2013-08-28 12:41:00 PST,+139639+0j,+3.40245e+06+1.40598e+06j
2013-08-28 12:42:00 PST,+139636+0j,+3.40577e+06+1.40711e+06j
2013-08-28 12:43:00 PST,+139639+0j,+3.41999e+06+1.4123e+06j
2013-08-28 12:44:00 PST,+139636+0j,+3.4286e+06+1.41524e+06j
2013-08-28 12:45:00 PST,+139624+0j,+3.43649e+06+1.41785e+06j
2013-08-28 12:46:00 PST,+139617+0j,+3.44492e+06+1.42074e+06j
2013-08-28 12:47:00 PST,+139610+0j,+3.45372e+06+1.42367e+06j
2013-08-28 12:48:00 PST,+139603+0j,+3.46395e+06+1.42718e+06j
2013-08-28 12:49:00 PST,+139596+0j,+3.47413e+06+1.43057e+06j
2013-08-28 12:50:00 PST,+139588+0j,+3.48456e+06+1.43415e+06j
2013-08-28 12:51:00 PST,+139579+0j,+3.49988e+06+1.43953e+06j
2013-08-28 12:52:00 PST,+139570+0j,+3.51614e+06+1.44547e+06j
2013-08-28 12:53:00 PST,+139557+0j,+3.52856e+06+1.44969e+06j
2013-08-28 12:54:00 PST,+139543+0j,+3.53543e+06+1.4516e+06j
2013-08-28 12:55:00 PST,+139533+0j,+3.5483e+06+1.45597e+06j
2013-08-28 12:56:00 PST,+139528+0j,+3.56731e+06+1.4629e+06j
2013-08-28 12:57:00 PST,+139517+0j,+3.58014e+06+1.46729e+06j
2013-08-28 12:58:00 PST,+139500+0j,+3.56306e+06+1.46098e+06j
2013-08-28 12:59:00 PST,+139490+0j,+3.55262e+06+1.45763e+06j
2013-08-28 13:00:00 PST,+139500+0j,+3.54399e+06+1.45512e+06j
2013-08-28 13:01:00 PST,+139512+0j,+3.52464e+06+1.4483e+06j
2013-08-28 13:02:00 PST,+139523+0j,+3.50434e+06+1.44096e+06j
2013-08-28 13:03:00 PST,+139535+0j,+3.51853e+06+1.44581e+06j
2013-08-28 13:04:00 PST,+139553+0j,+3.54489e+06+1.45526e+06j
2013-08-28 13:05:00 PST,+139541+0j,+3.56403e+06+1.46179e+06j
2013-08-28 13:06:00 PST,+139519+0j,+3.57677e+06+1.46571e+06j
2013-08-28 13:07:00 PST,+139503+0j,+3.59567e+06+1.47216e+06j
2013-08-28 13:08:00 PST,+139493+0j,+3.60949e+06+1.47757e+06j
2013-08-28 13:09:00 PST,+139477+0j,+3.60822e+06+1.47711e+06j
2013-08-28 13:10:00 PST,+139465+0j,+3.59611e+06+1.47227e+06j
2013-08-28 13:11:00 PST,+139466+0j,+3.59563e+06+1.4721e+06j
2013-08-28 13:12:00 PST,+139476+0j,+3.6113e+06+1.47838e+06j
2013-08-28 13:13:00 PST,+139472+0j,+3.58866e+06+1.47061e+06j
2013-08-28 13:14:00 PST,+139462+0j,+3.54476e+06+1.45464e+06j
2013-08-28 13:15:00 PST,+139486+0j,+3.5179e+06+1.44554e+06j
2013-08-28 13:16:00 PST,+139519+0j,+3.49719e+06+1.43894e+06j
2013-08-28 13:17:00 PST,+139541+0j,+3.47013e+06+1.42978e+06j
2013-08-28 13:18:00 PST,+139558+0j,+3.48609e+06+1.43481e+06j
2013-08-28 13:19:00 PST,+139581+0j,+3.52152e+06+1.44689e+06j
2013-08-28 13:20:00 PST,+139568+0j,+3.5553e+06+1.45841e+06j
2013-08-28 13:21:00 PST,+139539+0j,+3.59429e+06+1.47217e+06j
2013-08-28 13:22:00 PST,+139512+0j,+3.6273e+06+1.48348e+06j
2013-08-28 13:23:00 PST,+139478+0j,+3.6269e+06+1.48311e+06j
2013-08-28 13:24:00 PST,+139451+0j,+3.61813e+06+1.48001e+06j
2013-08-28 13:25:00 PST,+139451+0j,+3.61628e+06+1.47983e+06j
2013-08-28 13:26:00 PST,+139457+0j,+3.60907e+06+1.47732e+06j
2013-08-28 13:27:00 PST,+139458+0j,+3.59595e+06+1.47244e+06j
2013-08-28 13:28:00 PST,+139464+0j,+3.56839e+06+1.463e+06j
2013-08-28 13:29:00 PST,+139476+0j,+3.53996e+06+1.45369e+06j
2013-08-28 13:30:00 PST,+139499+0j,+3.50642e+06+1.44229e+06j
2013-08-28 13:31:00 PST,+139522+0j,+3.46258e+06+1.42677e+06j
2013-08-28 13:32:00 PST,+139550+0j,+3.42923e+06+1.41552e+06j
2013-08-28 13:33:00 PST,+139587+0j,+3.43694e+06+1.41821e+06j
2013-08-28 13:34:00 PST,+139615+0j,+3.45359e+06+1.42361e+06j
2013-08-28 13:35:00 PST,+139608+0j,+3.47351e+06+1.43037e+06j
2013-08-28 13:36:00 PST,+139596+0j,+3.49798e+06+1.43891e+06j
2013-08-28 13:37:00 PST,+139580+0j,+3.51742e+06+1.44549e+06j
2013-08-28 13:38:00 PST,+139559+0j,+3.54593e+06+1.45519e+06j
2013-08-28 13:39:00 PST,+139543+0j,+3.58401e+06+1.46864e+06j
2013-08-28 13:40:00 PST,+139513+0j,+3.6155e+06+1.47942e+06j
2013-08-28 13:41:00 PST,+139487+0j,+3.64612e+06+1.48974e+06j
2013-08-28 13:42:00 PST,+139466+0j,+3.67787e+06+1.50067e+06j
2013-08-28 13:43:00 PST,+139434+0j,+3.68269e+06+1.50272e+06j
2013-08-28 13:44:00 PST,+139398+0j,+3.66862e+06+1.49783e+06j
2013-08-28 13:45:00 PST,+139404+0j,+3.65692e+06+1.49381e+06j
2013-08-28 13:46:00 PST,+139418+0j,+3.64526e+06+1.48981e+06j
2013-08-28 13:47:00 PST,+139423+0j,+3.63279e+06+1.48548e+06j
2013-08-28 13:48:00 PST,+139429+0j,+3.62103e+06+1.481e+06j
2013-08-28 13:49:00 PST,+139444+0j,+3.61878e+06+1.48028e+06j
2013-08-28 13:50:00 PST,+139459+0j,+3.62215e+06+1.48188e+06j
2013-08-28 13:51:00 PST,+139456+0j,+3.61837e+06+1.48055e+06j
2013-08-28 13:52:00 PST,+139449+0j,+3.60874e+06+1.4768e+06j
2013-08-28 13:53:00 PST,+139457+0j,+3.58616e+06+1.46908e+06j
2013-08-28 13:54:00 PST,+139469+0j,+3.56018e+06+1.46062e+06j
2013-08-28 13:55:00 PST,+139484+0j,+3.52338e+06+1.44782e+06j
2013-08-28 13:56:00 PST,+139505+0j,+3.48599e+06+1.4347e+06j
2013-08-28 13:57:00 PST,+139536+0j,+3.45481e+06+1.42416e+06j
2013-08-28 13:58:00 PST,+139568+0j,+3.47937e+06+1.43253e+06j
2013-08-28 13:59:00 PST,+139594+0j,+3.53079e+06+1.45007e+06j
2013-08-28 14:00:00 PST,+139573+0j,+3.58002e+06+1.46687e+06j
2013-08-28 14:01:00 PST,+139532+0j,+3.63419e+06+1.48589e+06j
2013-08-28 14:02:00 PST,+139491+0j,+3.68226e+06+1.50243e+06j
2013-08-28 14:03:00 PST,+139445+0j,+3.68611e+06+1.50396e+06j
2013-08-28 14:04:00 PST,+139400+0j,+3.66414e+06+1.49652e+06j
2013-08-28 14:05:00 PST,+139401+0j,+3.63446e+06+1.48604e+06j
2013-08-28 14:06:00 PST,+139422+0j,+3.60611e+06+1.47609e+06j
2013-08-28 14:07:00 PST,+139442+0j,+3.58741e+06+1.46993e+06j
2013-08-28 14:08:00 PST,+139462+0j,+3.5912e+06+1.47103e+06j
2013-08-28 14:09:00 PST,+139488+0j,+3.60745e+06+1.4764e+06j
2013-08-28 14:10:00 PST,+139483+0j,+3.62862e+06+1.4839e+06j
2013-08-28 14:11:00 PST,+139461+0j,+3.65272e+06+1.49242e+06j
2013-08-28 14:12:00 PST,+139444+0j,+3.6659e+06+1.49651e+06j
2013-08-28 14:13:00 PST,+139434+0j,+3.65523e+06+1.49274e+06j
2013-08-28 14:14:00 PST,+139418+0j,+3.63317e+06+1.48562e+06j
2013-08-28 14:15:00 PST,+139421+0j,+3.60628e+06+1.47639e+06j
2013-08-28 14:16:00 PST,+139444+0j,+3.57396e+06+1.46488e+06j
2013-08-28 14:17:00 PST,+139466+0j,+3.5472e+06+1.45574e+06j
2013-08-28 14:18:00 PST,+139494+0j,+3.56447e+06+1.4621e+06j
2013-08-28 14:19:00 PST,+139516+0j,+3.59425e+06+1.47212e+06j
2013-08-28 14:20:00 PST,+139505+0j,+3.62109e+06+1.48091e+06j
2013-08-28 14:21:00 PST,+139478+0j,+3.65815e+06+1.49388e+06j
2013-08-28 14:22:00 PST,+139456+0j,+3.70135e+06+1.50945e+06j
2013-08-28 14:23:00 PST,+139424+0j,+3.70386e+06+1.51005e+06j
2013-08-28 14:24:00 PST,+139387+0j,+3.69066e+06+1.50523e+06j
2013-08-28 14:25:00 PST,+139386+0j,+3.68914e+06+1.50494e+06j
2013-08-28 14:26:00 PST,+139396+0j,+3.6878e+06+1.5047e+06j
2013-08-28 14:27:00 PST,+139396+0j,+3.67605e+06+1.50038e+06j
2013-08-28 14:28:00 PST,+139397+0j,+3.65708e+06+1.49363e+06j
2013-08-28 14:29:00 PST,+139408+0j,+3.64309e+06+1.48904e+06j
2013-08-28 14:30:00 PST,+139424+0j,+3.62893e+06+1.4844e+06j
2013-08-28 14:31:00 PST,+139435+0j,+3.59878e+06+1.47333e+06j
2013-08-28 14:32:00 PST,+139447+0j,+3.57505e+06+1.46502e+06j
2013-08-28 14:33:00 PST,+139473+0j,+3.59337e+06+1.472e+06j
2013-08-28 14:34:00 PST,+139493+0j,+3.61954e+06+1.48102e+06j
2013-08-28 14:35:00 PST,+139477+0j,+3.63287e+06+1.48493e+06j
2013-08-28 14:36:00 PST,+139456+0j,+3.657e+06+1.49321e+06j
2013-08-28 14:37:00 PST,+139446+0j,+3.69773e+06+1.50819e+06j
2013-08-28 14:38:00 PST,+139421+0j,+3.70122e+06+1.5094e+06j
2013-08-28 14:39:00 PST,+139390+0j,+3.67847e+06+1.501e+06j
2013-08-28 14:40:00 PST,+139392+0j,+3.66727e+06+1.49708e+06j
2013-08-28 14:41:00 PST,+139406+0j,+3.66651e+06+1.49734e+06j
2013-08-28 14:42:00 PST,+139411+0j,+3.65541e+06+1.49344e+06j
2013-08-28 14:43:00 PST,+139415+0j,+3.65367e+06+1.49247e+06j
2013-08-28 14:44:00 PST,+139429+0j,+3.67814e+06+1.50094e+06j
2013-08-28 14:45:00 PST,+139426+0j,+3.71187e+06+1.51308e+06j
2013-08-28 14:46:00 PST,+139402+0j,+3.73455e+06+1.52092e+06j
2013-08-28 14:47:00 PST,+139378+0j,+3.74704e+06+1.52481e+06j
2013-08-28 14:48:00 PST,+139363+0j,+3.74844e+06+1.52529e+06j
2013-08-28 14:49:00 PST,+139348+0j,+3.74728e+06+1.52576e+06j
2013-08-28 14:50:00 PST,+139337+0j,+3.72982e+06+1.51968e+06j
2013-08-28 14:51:00 PST,+139347+0j,+3.6972e+06+1.50745e+06j
2013-08-28 14:52:00 PST,+139371+0j,+3.68151e+06+1.50205e+06j
2013-08-28 14:53:00 PST,+139389+0j,+3.68986e+06+1.5054e+06j
2013-08-28 14:54:00 PST,+139398+0j,+3.70116e+06+1.50938e+06j
2013-08-28 14:55:00 PST,+139395+0j,+3.70188e+06+1.50913e+06j
2013-08-28 14:56:00 PST,+139391+0j,+3.71247e+06+1.51286e+06j
2013-08-28 14:57:00 PST,+139386+0j,+3.73322e+06+1.52045e+06j
2013-08-28 14:58:00 PST,+139373+0j,+3.7275e+06+1.51841e+06j
2013-08-28 14:59:00 PST,+139359+0j,+3.70231e+06+1.5097e+06j
2013-08-28 15:00:00 PST,+139363+0j,+3.68179e+06+1.5026e+06j
2013-08-28 15:01:00 PST,+139385+0j,+3.66592e+06+1.49711e+06j
2013-08-28 15:02:00 PST,+139403+0j,+3.64603e+06+1.49027e+06j
2013-08-28 15:03:00 PST,+139415+0j,+3.60542e+06+1.47584e+06j
2013-08-28 15:04:00 PST,+139437+0j,+3.55806e+06+1.45919e+06j
2013-08-28 15:05:00 PST,+139467+0j,+3.52646e+06+1.44888e+06j
2013-08-28 15:06:00 PST,+139503+0j,+3.49117e+06+1.43732e+06j
2013-08-28 15:07:00 PST,+139533+0j,+3.44044e+06+1.4197e+06j
2013-08-28 15:08:00 PST,+139566+0j,+3.42439e+06+1.4139e+06j
2013-08-28 15:09:00 PST,+139605+0j,+3.44332e+06+1.42012e+06j
2013-08-28 15:10:00 PST,+139619+0j,+3.46588e+06+1.4278e+06j
2013-08-28 15:11:00 PST,+139604+0j,+3.48752e+06+1.43514e+06j
2013-08-28 15:12:00 PST,+139590+0j,+3.50882e+06+1.44236e+06j
2013-08-28 15:13:00 PST,+139568+0j,+3.52269e+06+1.44733e+06j
2013-08-28 15:14:00 PST,+139547+0j,+3.52453e+06+1.4483e+06j
2013-08-28 15:15:00 PST,+139539+0j,+3.52112e+06+1.44712e+06j
2013-08-28 15:16:00 PST,+139536+0j,+3.51212e+06+1.44363e+06j
2013-08-28 15:17:00 PST,+139539+0j,+3.50919e+06+1.44262e+06j
2013-08-28 15:18:00 PST,+139547+0j,+3.51501e+06+1.44505e+06j
2013-08-28 15:19:00 PST,+139549+0j,+3.51807e+06+1.44612e+06j
2013-08-28 15:20:00 PST,+139544+0j,+3.51497e+06+1.44462e+06j
2013-08-28 15:21:00 PST,+139541+0j,+3.51782e+06+1.4456e+06j
2013-08-28 15:22:00 PST,+139544+0j,+3.52677e+06+1.44906e+06j
2013-08-28 15:23:00 PST,+139542+0j,+3.54627e+06+1.45572e+06j
2013-08-28 15:24:00 PST,+139534+0j,+3.58111e+06+1.46721e+06j
2013-08-28 15:25:00 PST,+139518+0j,+3.62136e+06+1.481e+06j
2013-08-28 15:26:00 PST,+139489+0j,+3.67218e+06+1.49922e+06j
2013-08-28 15:27:00 PST,+139456+0j,+3.71157e+06+1.51278e+06j
2013-08-28 15:28:00 PST,+139412+0j,+3.69525e+06+1.50705e+06j
2013-08-28 15:29:00 PST,+139375+0j,+3.60432e+06+1.47565e+06j
2013-08-28 15:30:00 PST,+139393+0j,+3.51598e+06+1.4454e+06j
2013-08-28 15:31:00 PST,+139472+0j,+3.42393e+06+1.41384e+06j
2013-08-28 15:32:00 PST,+139540+0j,+3.33208e+06+1.38279e+06j
2013-08-28 15:33:00 PST,+139618+0j,+3.31106e+06+1.37588e+06j
2013-08-28 15:34:00 PST,+139694+0j,+3.37136e+06+1.39531e+06j
2013-08-28 15:35:00 PST,+139711+0j,+3.44323e+06+1.41961e+06j
2013-08-28 15:36:00 PST,+139664+0j,+3.52734e+06+1.44902e+06j
2013-08-28 15:37:00 PST,+139607+0j,+3.59574e+06+1.4723e+06j
2013-08-28 15:38:00 PST,+139536+0j,+3.62919e+06+1.48372e+06j
2013-08-28 15:39:00 PST,+139479+0j,+3.61689e+06+1.47987e+06j
2013-08-28 15:40:00 PST,+139445+0j,+3.60464e+06+1.47585e+06j
2013-08-28 15:41:00 PST,+139455+0j,+3.58343e+06+1.46814e+06j
2013-08-28 15:42:00 PST,+139473+0j,+3.56821e+06+1.46293e+06j
2013-08-28 15:43:00 PST,+139486+0j,+3.56452e+06+1.46206e+06j
2013-08-28 15:44:00 PST,+139493+0j,+3.55902e+06+1.46001e+06j
2013-08-28 15:45:00 PST,+139506+0j,+3.5525e+06+1.45737e+06j
2013-08-28 15:46:00 PST,+139512+0j,+3.55158e+06+1.45706e+06j
2013-08-28 15:47:00 PST,+139513+0j,+3.55633e+06+1.45912e+06j
2013-08-28 15:48:00 PST,+139508+0j,+3.55039e+06+1.45706e+06j
2013-08-28 15:49:00 PST,+139509+0j,+3.53094e+06+1.45002e+06j
2013-08-28 15:50:00 PST,+139520+0j,+3.51779e+06+1.44554e+06j
2013-08-28 15:51:00 PST,+139531+0j,+3.51047e+06+1.44349e+06j
2013-08-28 15:52:00 PST,+139536+0j,+3.49706e+06+1.43893e+06j
2013-08-28 15:53:00 PST,+139547+0j,+3.48477e+06+1.43431e+06j
2013-08-28 15:54:00 PST,+139564+0j,+3.49068e+06+1.4364e+06j
2013-08-28 15:55:00 PST,+139569+0j,+3.50192e+06+1.44065e+06j
2013-08-28 15:56:00 PST,+139559+0j,+3.50668e+06+1.44226e+06j
2013-08-28 15:57:00 PST,+139555+0j,+3.5059e+06+1.44156e+06j
2013-08-28 15:58:00 PST,+139556+0j,+3.52196e+06+1.44701e+06j
2013-08-28 15:59:00 PST,+139552+0j,+3.56478e+06+1.46206e+06j
2013-08-28 16:00:00 PST,+139533+0j,+3.60103e+06+1.47447e+06j
2013-08-28 16:01:00 PST,+139503+0j,+3.63061e+06+1.48416e+06j
2013-08-28 16:02:00 PST,+139478+0j,+3.67152e+06+1.4985e+06j
2013-08-28 16:03:00 PST,+139448+0j,+3.68975e+06+1.50543e+06j
2013-08-28 16:04:00 PST,+139408+0j,+3.63258e+06+1.4854e+06j
2013-08-28 16:05:00 PST,+139397+0j,+3.57726e+06+1.46614e+06j
2013-08-28 16:06:00 PST,+139445+0j,+3.53411e+06+1.45167e+06j
2013-08-28 16:07:00 PST,+139490+0j,+3.4799e+06+1.43284e+06j
2013-08-28 16:08:00 PST,+139526+0j,+3.44755e+06+1.42168e+06j
2013-08-28 16:09:00 PST,+139572+0j,+3.46788e+06+1.42864e+06j
2013-08-28 16:10:00 PST,+139599+0j,+3.48736e+06+1.43529e+06j
2013-08-28 16:11:00 PST,+139583+0j,+3.5049e+06+1.44123e+06j
2013-08-28 16:12:00 PST,+139568+0j,+3.5225e+06+1.44721e+06j
2013-08-28 16:13:00 PST,+139553+0j,+3.55227e+06+1.45779e+06j
2013-08-28 16:14:00 PST,+139539+0j,+3.59114e+06+1.47108e+06j
2013-08-28 16:15:00 PST,+139513+0j,+3.62341e+06+1.48171e+06j
2013-08-28 16:16:00 PST,+139481+0j,+3.66636e+06+1.49672e+06j
2013-08-28 16:17:00 PST,+139454+0j,+3.71544e+06+1.51434e+06j
2013-08-28 16:18:00 PST,+139418+0j,+3.71239e+06+1.51301e+06j
2013-08-28 16:19:00 PST,+139375+0j,+3.61948e+06+1.48063e+06j
2013-08-28 16:20:00 PST,+139379+0j,+3.5382e+06+1.45297e+06j
2013-08-28 16:21:00 PST,+139456+0j,+3.45482e+06+1.4247e+06j
2013-08-28 16:22:00 PST,+139521+0j,+3.3602e+06+1.39218e+06j
2013-08-28 16:23:00 PST,+139591+0j,+3.31876e+06+1.37842e+06j
2013-08-28 16:24:00 PST,+139671+0j,+3.3844e+06+1.39995e+06j
2013-08-28 16:25:00 PST,+139705+0j,+3.45353e+06+1.42308e+06j
2013-08-28 16:26:00 PST,+139657+0j,+3.53394e+06+1.45104e+06j
2013-08-28 16:27:00 PST,+139599+0j,+3.60775e+06+1.47641e+06j
2013-08-28 16:28:00 PST,+139527+0j,+3.65892e+06+1.49441e+06j
2013-08-28 16:29:00 PST,+139469+0j,+3.63655e+06+1.48663e+06j
2013-08-28 16:30:00 PST,+139425+0j,+3.61386e+06+1.47855e+06j
2013-08-28 16:31:00 PST,+139439+0j,+3.5995e+06+1.47385e+06j
2013-08-28 16:32:00 PST,+139456+0j,+3.58152e+06+1.46789e+06j
2013-08-28 16:33:00 PST,+139477+0j,+3.56244e+06+1.46117e+06j
2013-08-28 16:34:00 PST,+139491+0j,+3.5605e+06+1.46033e+06j
2013-08-28 16:35:00 PST,+139499+0j,+3.5592e+06+1.45988e+06j
2013-08-28 16:36:00 PST,+139506+0j,+3.55878e+06+1.45995e+06j
2013-08-28 16:37:00 PST,+139511+0j,+3.55738e+06+1.45948e+06j
2013-08-28 16:38:00 PST,+139507+0j,+3.5454e+06+1.45495e+06j
2013-08-28 16:39:00 PST,+139508+0j,+3.52517e+06+1.44805e+06j
2013-08-28 16:40:00 PST,+139519+0j,+3.51113e+06+1.44369e+06j
2013-08-28 16:41:00 PST,+139535+0j,+3.49149e+06+1.43704e+06j
2013-08-28 16:42:00 PST,+139546+0j,+3.46583e+06+1.42791e+06j
2013-08-28 16:43:00 PST,+139563+0j,+3.45014e+06+1.42261e+06j
2013-08-28 16:44:00 PST,+139585+0j,+3.44934e+06+1.42237e+06j
2013-08-28 16:45:00 PST,+139598+0j,+3.44336e+06+1.42013e+06j
2013-08-28 16:46:00 PST,+139599+0j,+3.44165e+06+1.41955e+06j
2013-08-28 16:47:00 PST,+139604+0j,+3.44048e+06+1.41918e+06j
2013-08-28 16:48:00 PST,+139606+0j,+3.44242e+06+1.41984e+06j
2013-08-28 16:49:00 PST,+139607+0j,+3.45875e+06+1.42536e+06j
2013-08-28 16:50:00 PST,+139605+0j,+3.47527e+06+1.43096e+06j
2013-08-28 16:51:00 PST,+139592+0j,+3.49611e+06+1.43827e+06j
2013-08-28 16:52:00 PST,+139578+0j,+3.5121e+06+1.44368e+06j
2013-08-28 16:53:00 PST,+139561+0j,+3.51725e+06+1.44544e+06j
2013-08-28 16:54:00 PST,+139547+0j,+3.48145e+06+1.43364e+06j
2013-08-28 16:55:00 PST,+139537+0j,+3.43988e+06+1.41952e+06j
2013-08-28 16:56:00 PST,+139572+0j,+3.39458e+06+1.40386e+06j
2013-08-28 16:57:00 PST,+139611+0j,+3.35038e+06+1.38881e+06j
2013-08-28 16:58:00 PST,+139643+0j,+3.31646e+06+1.37726e+06j
2013-08-28 16:59:00 PST,+139680+0j,+3.33543e+06+1.38351e+06j
2013-08-28 17:00:00 PST,+139714+0j,+3.35943e+06+1.39185e+06j
2013-08-28 17:01:00 PST,+139693+0j,+3.37777e+06+1.39814e+06j
2013-08-28 17:02:00 PST,+139670+0j,+3.3907e+06+1.40223e+06j
2013-08-28 17:03:00 PST,+139660+0j,+3.39984e+06+1.40513e+06j
2013-08-28 17:04:00 PST,+139654+0j,+3.3727e+06+1.39622e+06j
2013-08-28 17:05:00 PST,+139641+0j,+3.34174e+06+1.38596e+06j
2013-08-28 17:06:00 PST,+139659+0j,+3.30689e+06+1.37409e+06j
2013-08-28 17:07:00 PST,+139688+0j,+3.27587e+06+1.36363e+06j
2013-08-28 17:08:00 PST,+139722+0j,+3.26082e+06+1.35892e+06j
2013-08-28 17:09:00 PST,+139742+0j,+3.30683e+06+1.37443e+06j
2013-08-28 17:10:00 PST,+139750+0j,+3.34707e+06+1.38768e+06j
2013-08-28 17:11:00 PST,+139717+0j,+3.38882e+06+1.4015e+06j
2013-08-28 17:12:00 PST,+139691+0j,+3.43606e+06+1.41763e+06j
2013-08-28 17:13:00 PST,+139651+0j,+3.46565e+06+1.42777e+06j
2013-08-28 17:14:00 PST,+139607+0j,+3.40289e+06+1.40649e+06j
2013-08-28 17:15:00 PST,+139587+0j,+3.34571e+06+1.38743e+06j
2013-08-28 17:16:00 PST,+139639+0j,+3.28247e+06+1.36612e+06j
2013-08-28 17:17:00 PST,+139683+0j,+3.2133e+06+1.34257e+06j
2013-08-28 17:18:00 PST,+139736+0j,+3.17167e+06+1.32917e+06j
2013-08-28 17:19:00 PST,+139793+0j,+3.23039e+06+1.34869e+06j
2013-08-28 17:20:00 PST,+139827+0j,+3.28388e+06+1.36628e+06j
2013-08-28 17:21:00 PST,+139779+0j,+3.33797e+06+1.38428e+06j
2013-08-28 17:22:00 PST,+139739+0j,+3.40215e+06+1.40643e+06j
2013-08-28 17:23:00 PST,+139694+0j,+3.44879e+06+1.42234e+06j
2013-08-28 17:24:00 PST,+139636+0j,+3.37765e+06+1.39801e+06j
2013-08-28 17:25:00 PST,+139602+0j,+3.30732e+06+1.37414e+06j
2013-08-28 17:26:00 PST,+139665+0j,+3.24434e+06+1.3531e+06j
2013-08-28 17:27:00 PST,+139715+0j,+3.18618e+06+1.33415e+06j
2013-08-28 17:28:00 PST,+139764+0j,+3.12905e+06+1.31515e+06j
2013-08-28 17:29:00 PST,+139815+0j,+3.17438e+06+1.32994e+06j
2013-08-28 17:30:00 PST,+139865+0j,+3.22804e+06+1.34804e+06j
2013-08-28 17:31:00 PST,+139825+0j,+3.27387e+06+1.3632e+06j
2013-08-28 17:32:00 PST,+139784+0j,+3.31528e+06+1.3767e+06j
2013-08-28 17:33:00 PST,+139746+0j,+3.35984e+06+1.39199e+06j
2013-08-28 17:34:00 PST,+139713+0j,+3.32453e+06+1.38056e+06j
2013-08-28 17:35:00 PST,+139675+0j,+3.27469e+06+1.36343e+06j
2013-08-28 17:36:00 PST,+139704+0j,+3.22443e+06+1.34631e+06j
2013-08-28 17:37:00 PST,+139743+0j,+3.18317e+06+1.33273e+06j
2013-08-28 17:38:00 PST,+139785+0j,+3.1477e+06+1.32136e+06j
2013-08-28 17:39:00 PST,+139818+0j,+3.13721e+06+1.31792e+06j
2013-08-28 17:40:00 PST,+139847+0j,+3.11319e+06+1.30927e+06j
2013-08-28 17:41:00 PST,+139856+0j,+3.10173e+06+1.30551e+06j
2013-08-28 17:42:00 PST,+139877+0j,+3.10391e+06+1.30717e+06j
2013-08-28 17:43:00 PST,+139886+0j,+3.09426e+06+1.30397e+06j
2013-08-28 17:44:00 PST,+139883+0j,+3.1101e+06+1.30832e+06j
2013-08-28 17:45:00 PST,+139891+0j,+3.13945e+06+1.31799e+06j
2013-08-28 17:46:00 PST,+139879+0j,+3.18154e+06+1.33271e+06j
2013-08-28 17:47:00 PST,+139856+0j,+3.20972e+06+1.34196e+06j
2013-08-28 17:48:00 PST,+139821+0j,+3.23126e+06+1.34878e+06j
2013-08-28 17:49:00 PST,+139799+0j,+3.1963e+06+1.33717e+06j
2013-08-28 17:50:00 PST,+139781+0j,+3.16553e+06+1.32723e+06j
2013-08-28 17:51:00 PST,+139809+0j,+3.13248e+06+1.3164e+06j
2013-08-28 17:52:00 PST,+139833+0j,+3.09524e+06+1.30396e+06j
2013-08-28 17:53:00 PST,+139860+0j,+3.05358e+06+1.2898e+06j
2013-08-28 17:54:00 PST,+139894+0j,+3.06304e+06+1.29323e+06j
2013-08-28 17:55:00 PST,+139924+0j,+3.07768e+06+1.29867e+06j
2013-08-28 17:56:00 PST,+139913+0j,+3.07767e+06+1.29836e+06j
2013-08-28 17:57:00 PST,+139905+0j,+3.07249e+06+1.29606e+06j
2013-08-28 17:58:00 PST,+139909+0j,+3.08096e+06+1.29912e+06j
2013-08-28 17:59:00 PST,+139910+0j,+3.13553e+06+1.3176e+06j
2013-08-28 18:00:00 PST,+139899+0j,+3.1763e+06+1.33074e+06j
2013-08-28 18:01:00 PST,+139858+0j,+3.21003e+06+1.34122e+06j
2013-08-28 18:02:00 PST,+139830+0j,+3.25786e+06+1.35728e+06j
2013-08-28 18:03:00 PST,+139799+0j,+3.31133e+06+1.37566e+06j
2013-08-28 18:04:00 PST,+139756+0j,+3.25003e+06+1.35491e+06j
2013-08-28 18:05:00 PST,+139716+0j,+3.19719e+06+1.33768e+06j
2013-08-28 18:06:00 PST,+139766+0j,+3.14654e+06+1.32131e+06j
2013-08-28 18:07:00 PST,+139806+0j,+3.08614e+06+1.30118e+06j
2013-08-28 18:08:00 PST,+139847+0j,+3.02285e+06+1.28012e+06j
2013-08-28 18:09:00 PST,+139897+0j,+3.0112e+06+1.27607e+06j
2013-08-28 18:10:00 PST,+139948+0j,+3.0098e+06+1.27597e+06j
2013-08-28 18:11:00 PST,+139958+0j,+3.00761e+06+1.27563e+06j
2013-08-28 18:12:00 PST,+139960+0j,+2.9962e+06+1.27169e+06j
2013-08-28 18:13:00 PST,+139961+0j,+2.98399e+06+1.26738e+06j
2013-08-28 18:14:00 PST,+139971+0j,+2.99141e+06+1.27005e+06j
2013-08-28 18:15:00 PST,+139981+0j,+2.99525e+06+1.27132e+06j
2013-08-28 18:16:00 PST,+139975+0j,+2.99384e+06+1.27062e+06j
2013-08-28 18:17:00 PST,+139972+0j,+2.99721e+06+1.27173e+06j
2013-08-28 18:18:00 PST,+139973+0j,+3.00476e+06+1.2744e+06j
2013-08-28 18:19:00 PST,+139970+0j,+2.98689e+06+1.26859e+06j
2013-08-28 18:20:00 PST,+139964+0j,+2.96371e+06+1.26084e+06j
2013-08-28 18:21:00 PST,+139979+0j,+2.94531e+06+1.25493e+06j
2013-08-28 18:22:00 PST,+139997+0j,+2.92703e+06+1.24907e+06j
2013-08-28 18:23:00 PST,+140012+0j,+2.90784e+06+1.24293e+06j
2013-08-28 18:24:00 PST,+140026+0j,+2.89999e+06+1.24041e+06j
2013-08-28 18:25:00 PST,+140042+0j,+2.88825e+06+1.23636e+06j
2013-08-28 18:26:00 PST,+140048+0j,+2.88085e+06+1.23398e+06j
2013-08-28 18:27:00 PST,+140058+0j,+2.8782e+06+1.23352e+06j
2013-08-28 18:28:00 PST,+140064+0j,+2.87077e+06+1.23112e+06j
2013-08-28 18:29:00 PST,+140065+0j,+2.8785e+06+1.233e+06j
2013-08-28 18:30:00 PST,+140071+0j,+2.89658e+06+1.23888e+06j
2013-08-28 18:31:00 PST,+140066+0j,+2.92262e+06+1.24782e+06j
2013-08-28 18:32:00 PST,+140052+0j,+2.94003e+06+1.25338e+06j
2013-08-28 18:33:00 PST,+140030+0j,+2.95714e+06+1.25886e+06j
2013-08-28 18:34:00 PST,+140017+0j,+2.95137e+06+1.25696e+06j
2013-08-28 18:35:00 PST,+140003+0j,+2.94319e+06+1.25428e+06j
2013-08-28 18:36:00 PST,+140008+0j,+2.93568e+06+1.25187e+06j
2013-08-28 18:37:00 PST,+140014+0j,+2.92822e+06+1.24947e+06j
2013-08-28 18:38:00 PST,+140020+0j,+2.92075e+06+1.24708e+06j
2013-08-28 18:39:00 PST,+140026+0j,+2.87066e+06+1.23102e+06j
2013-08-28 18:40:00 PST,+140031+0j,+2.81531e+06+1.21333e+06j
2013-08-28 18:41:00 PST,+140071+0j,+2.75657e+06+1.19442e+06j
2013-08-28 18:42:00 PST,+140114+0j,+2.69539e+06+1.17467e+06j
2013-08-28 18:43:00 PST,+140164+0j,+2.64128e+06+1.15778e+06j
2013-08-28 18:44:00 PST,+140209+0j,+2.65235e+06+1.16188e+06j
2013-08-28 18:45:00 PST,+140249+0j,+2.66472e+06+1.16589e+06j
2013-08-28 18:46:00 PST,+140242+0j,+2.66461e+06+1.16499e+06j
2013-08-28 18:47:00 PST,+140241+0j,+2.67557e+06+1.16846e+06j
2013-08-28 18:48:00 PST,+140235+0j,+2.69754e+06+1.17616e+06j
2013-08-28 18:49:00 PST,+140220+0j,+2.692e+06+1.17436e+06j
2013-08-28 18:50:00 PST,+140209+0j,+2.67725e+06+1.16919e+06j
2013-08-28 18:51:00 PST,+140216+0j,+2.66995e+06+1.16689e+06j
2013-08-28 18:52:00 PST,+140225+0j,+2.66943e+06+1.16729e+06j
2013-08-28 18:53:00 PST,+140227+0j,+2.66195e+06+1.16492e+06j
2013-08-28 18:54:00 PST,+140230+0j,+2.63964e+06+1.15712e+06j
2013-08-28 18:55:00 PST,+140239+0j,+2.62778e+06+1.15341e+06j
2013-08-28 18:56:00 PST,+140254+0j,+2.62343e+06+1.15272e+06j
2013-08-28 18:57:00 PST,+140260+0j,+2.61143e+06+1.14894e+06j
2013-08-28 18:58:00 PST,+140266+0j,+2.59215e+06+1.14236e+06j
2013-08-28 18:59:00 PST,+140278+0j,+2.5879e+06+1.14108e+06j
2013-08-28 19:00:00 PST,+140291+0j,+2.59314e+06+1.14334e+06j
2013-08-28 19:01:00 PST,+140292+0j,+2.59076e+06+1.14259e+06j
2013-08-28 19:02:00 PST,+140290+0j,+2.5811e+06+1.13898e+06j
2013-08-28 19:03:00 PST,+140295+0j,+2.57886e+06+1.13829e+06j
2013-08-28 19:04:00 PST,+140300+0j,+2.54458e+06+1.12825e+06j
2013-08-28 19:05:00 PST,+140299+0j,+2.49434e+06+1.11267e+06j
2013-08-28 19:06:00 PST,+140327+0j,+2.43463e+06+1.09354e+06j
2013-08-28 19:07:00 PST,+140368+0j,+2.38565e+06+1.07864e+06j
2013-08-28 19:08:00 PST,+140412+0j,+2.33955e+06+1.06491e+06j
2013-08-28 19:09:00 PST,+140450+0j,+2.3417e+06+1.06567e+06j
2013-08-28 19:10:00 PST,+140484+0j,+2.34944e+06+1.06763e+06j
2013-08-28 19:11:00 PST,+140483+0j,+2.36266e+06+1.07168e+06j
2013-08-28 19:12:00 PST,+140478+0j,+2.3825e+06+1.0782e+06j
2013-08-28 19:13:00 PST,+140468+0j,+2.39552e+06+1.08217e+06j
2013-08-28 19:14:00 PST,+140453+0j,+2.41053e+06+1.0862e+06j
2013-08-28 19:15:00 PST,+140443+0j,+2.4347e+06+1.0936e+06j
2013-08-28 19:16:00 PST,+140432+0j,+2.4658e+06+1.10364e+06j
2013-08-28 19:17:00 PST,+140413+0j,+2.48975e+06+1.11097e+06j
2013-08-28 19:18:00 PST,+140389+0j,+2.51024e+06+1.11702e+06j
2013-08-28 19:19:00 PST,+140371+0j,+2.49825e+06+1.11325e+06j
2013-08-28 19:20:00 PST,+140355+0j,+2.48628e+06+1.11034e+06j
2013-08-28 19:21:00 PST,+140361+0j,+2.46481e+06+1.10369e+06j
2013-08-28 19:22:00 PST,+140372+0j,+2.43364e+06+1.09336e+06j
2013-08-28 19:23:00 PST,+140392+0j,+2.41264e+06+1.08693e+06j
2013-08-28 19:24:00 PST,+140413+0j,+2.40996e+06+1.08643e+06j
2013-08-28 19:25:00 PST,+140429+0j,+2.40872e+06+1.08608e+06j
2013-08-28 19:26:00 PST,+140431+0j,+2.40401e+06+1.08443e+06j
2013-08-28 19:27:00 PST,+140432+0j,+2.40235e+06+1.08392e+06j
2013-08-28 19:28:00 PST,+140436+0j,+2.40381e+06+1.0846e+06j
2013-08-28 19:29:00 PST,+140438+0j,+2.40087e+06+1.0837e+06j
2013-08-28 19:30:00 PST,+140436+0j,+2.39069e+06+1.08009e+06j
2013-08-28 19:31:00 PST,+140439+0j,+2.38737e+06+1.07908e+06j
2013-08-28 19:32:00 PST,+140447+0j,+2.39093e+06+1.0807e+06j
2013-08-28 19:33:00 PST,+140449+0j,+2.3876e+06+1.07967e+06j
2013-08-28 19:34:00 PST,+140446+0j,+2.39649e+06+1.08189e+06j
2013-08-28 19:35:00 PST,+140449+0j,+2.41897e+06+1.08882e+06j
2013-08-28 19:36:00 PST,+140442+0j,+2.44811e+06+1.09822e+06j
2013-08-28 19:37:00 PST,+140425+0j,+2.47004e+06+1.10496e+06j
2013-08-28 19:38:00 PST,+140403+0j,+2.48859e+06+1.11037e+06j
2013-08-28 19:39:00 PST,+140386+0j,+2.46815e+06+1.10398e+06j
2013-08-28 19:40:00 PST,+140372+0j,+2.43475e+06+1.09392e+06j
2013-08-28 19:41:00 PST,+140388+0j,+2.39902e+06+1.083e+06j
2013-08-28 19:42:00 PST,+140412+0j,+2.3605e+06+1.07108e+06j
2013-08-28 19:43:00 PST,+140439+0j,+2.32502e+06+1.06035e+06j
2013-08-28 19:44:00 PST,+140469+0j,+2.31393e+06+1.05701e+06j
2013-08-28 19:45:00 PST,+140496+0j,+2.31358e+06+1.05698e+06j
2013-08-28 19:46:00 PST,+140504+0j,+2.31334e+06+1.05699e+06j
2013-08-28 19:47:00 PST,+140505+0j,+2.31226e+06+1.05666e+06j
2013-08-28 19:48:00 PST,+140505+0j,+2.30493e+06+1.05385e+06j
2013-08-28 19:49:00 PST,+140506+0j,+2.32137e+06+1.05887e+06j
2013-08-28 19:50:00 PST,+140512+0j,+2.35197e+06+1.06876e+06j
2013-08-28 19:51:00 PST,+140500+0j,+2.3757e+06+1.076e+06j
2013-08-28 19:52:00 PST,+140476+0j,+2.39845e+06+1.08279e+06j
2013-08-28 19:53:00 PST,+140458+0j,+2.42196e+06+1.08999e+06j
2013-08-28 19:54:00 PST,+140441+0j,+2.40539e+06+1.08489e+06j
2013-08-28 19:55:00 PST,+140423+0j,+2.3692e+06+1.07376e+06j
2013-08-28 19:56:00 PST,+140436+0j,+2.33677e+06+1.06413e+06j
2013-08-28 19:57:00 PST,+140463+0j,+2.29817e+06+1.05221e+06j
2013-08-28 19:58:00 PST,+140487+0j,+2.26017e+06+1.04057e+06j
2013-08-28 19:59:00 PST,+140516+0j,+2.26505e+06+1.04239e+06j
2013-08-28 20:00:00 PST,+140545+0j,+2.2819e+06+1.04725e+06j
2013-08-28 20:01:00 PST,+140541+0j,+2.29696e+06+1.05153e+06j
2013-08-28 20:02:00 PST,+140530+0j,+2.318e+06+1.0582e+06j
2013-08-28 20:03:00 PST,+140519+0j,+2.33993e+06+1.06511e+06j
2013-08-28 20:04:00 PST,+140502+0j,+2.33209e+06+1.06236e+06j
2013-08-28 20:05:00 PST,+140485+0j,+2.31117e+06+1.05568e+06j
2013-08-28 20:06:00 PST,+140492+0j,+2.30004e+06+1.05286e+06j
2013-08-28 20:07:00 PST,+140505+0j,+2.28693e+06+1.0492e+06j
2013-08-28 20:08:00 PST,+140515+0j,+2.26739e+06+1.04307e+06j
2013-08-28 20:09:00 PST,+140527+0j,+2.25823e+06+1.03977e+06j
2013-08-28 20:10:00 PST,+140542+0j,+2.26279e+06+1.04121e+06j
2013-08-28 20:11:00 PST,+140547+0j,+2.27268e+06+1.04479e+06j
2013-08-28 20:12:00 PST,+140542+0j,+2.2767e+06+1.04599e+06j
2013-08-28 20:13:00 PST,+140536+0j,+2.2746e+06+1.04475e+06j
2013-08-28 20:14:00 PST,+140536+0j,+2.27589e+06+1.04514e+06j
2013-08-28 20:15:00 PST,+140535+0j,+2.28163e+06+1.04746e+06j
2013-08-28 20:16:00 PST,+140532+0j,+2.28115e+06+1.0473e+06j
2013-08-28 20:17:00 PST,+140529+0j,+2.27456e+06+1.04472e+06j
2013-08-28 20:18:00 PST,+140532+0j,+2.27425e+06+1.04463e+06j
2013-08-28 20:19:00 PST,+140535+0j,+2.27266e+06+1.04475e+06j
2013-08-28 20:20:00 PST,+140533+0j,+2.26013e+06+1.04093e+06j
2013-08-28 20:21:00 PST,+140536+0j,+2.24171e+06+1.03482e+06j
2013-08-28 20:22:00 PST,+140548+0j,+2.22958e+06+1.03118e+06j
2013-08-28 20:23:00 PST,+140560+0j,+2.22336e+06+1.02995e+06j
2013-08-28 20:24:00 PST,+140567+0j,+2.22997e+06+1.03196e+06j
2013-08-28 20:25:00 PST,+140573+0j,+2.24044e+06+1.03432e+06j
2013-08-28 20:26:00 PST,+140573+0j,+2.2594e+06+1.04007e+06j
2013-08-28 20:27:00 PST,+140561+0j,+2.28706e+06+1.04918e+06j
2013-08-28 20:28:00 PST,+140542+0j,+2.30557e+06+1.05476e+06j
2013-08-28 20:29:00 PST,+140525+0j,+2.29957e+06+1.05228e+06j
2013-08-28 20:30:00 PST,+140514+0j,+2.28696e+06+1.04841e+06j
2013-08-28 20:31:00 PST,+140517+0j,+2.28086e+06+1.04718e+06j
2013-08-28 20:32:00 PST,+140524+0j,+2.26871e+06+1.0435e+06j
2013-08-28 20:33:00 PST,+140530+0j,+2.25047e+06+1.03744e+06j
2013-08-28 20:34:00 PST,+140541+0j,+2.24788e+06+1.03669e+06j
2013-08-28 20:35:00 PST,+140553+0j,+2.25839e+06+1.04049e+06j
2013-08-28 20:36:00 PST,+140553+0j,+2.26255e+06+1.04174e+06j
2013-08-28 20:37:00 PST,+140547+0j,+2.26048e+06+1.04051e+06j
2013-08-28 20:38:00 PST,+140546+0j,+2.26461e+06+1.04177e+06j
2013-08-28 20:39:00 PST,+140546+0j,+2.27555e+06+1.04565e+06j
2013-08-28 20:40:00 PST,+140540+0j,+2.2808e+06+1.04723e+06j
2013-08-28 20:41:00 PST,+140534+0j,+2.27988e+06+1.04634e+06j
2013-08-28 20:42:00 PST,+140532+0j,+2.28522e+06+1.04796e+06j
2013-08-28 20:43:00 PST,+140531+0j,+2.29675e+06+1.05203e+06j
2013-08-28 20:44:00 PST,+140525+0j,+2.29372e+06+1.05109e+06j
2013-08-28 20:45:00 PST,+140518+0j,+2.27761e+06+1.04561e+06j
2013-08-28 20:46:00 PST,+140523+0j,+2.268e+06+1.0427e+06j
2013-08-28 20:47:00 PST,+140533+0j,+2.26459e+06+1.0423e+06j
2013-08-28 20:48:00 PST,+140538+0j,+2.25492e+06+1.03938e+06j
2013-08-28 20:49:00 PST,+140542+0j,+2.24763e+06+1.03662e+06j
2013-08-28 20:50:00 PST,+140552+0j,+2.25398e+06+1.03857e+06j
2013-08-28 20:51:00 PST,+140556+0j,+2.26625e+06+1.04287e+06j
2013-08-28 20:52:00 PST,+140548+0j,+2.27217e+06+1.04464e+06j
2013-08-28 20:53:00 PST,+140541+0j,+2.27196e+06+1.04396e+06j
2013-08-28 20:54:00 PST,+140539+0j,+2.27885e+06+1.04606e+06j
2013-08-28 20:55:00 PST,+140537+0j,+2.29275e+06+1.05084e+06j
2013-08-28 20:56:00 PST,+140530+0j,+2.30033e+06+1.05312e+06j
2013-08-28 20:57:00 PST,+140521+0j,+2.30165e+06+1.0529e+06j
2013-08-28 20:58:00 PST,+140518+0j,+2.30932e+06+1.05523e+06j
2013-08-28 20:59:00 PST,+140515+0j,+2.30843e+06+1.05553e+06j
2013-08-28 21:00:00 PST,+140507+0j,+2.28641e+06+1.04879e+06j
2013-08-28 21:01:00 PST,+140509+0j,+2.25856e+06+1.03982e+06j
2013-08-28 21:02:00 PST,+140528+0j,+2.2373e+06+1.03344e+06j
2013-08-28 21:03:00 PST,+140547+0j,+2.22192e+06+1.02948e+06j
2013-08-28 21:04:00 PST,+140561+0j,+2.20158e+06+1.02337e+06j
2013-08-28 21:05:00 PST,+140574+0j,+2.174e+06+1.01437e+06j
2013-08-28 21:06:00 PST,+140592+0j,+2.15507e+06+1.00874e+06j
2013-08-28 21:07:00 PST,+140611+0j,+2.14119e+06+1.00521e+06j
2013-08-28 21:08:00 PST,+140623+0j,+2.12201e+06+999504j
2013-08-28 21:09:00 PST,+140635+0j,+2.11179e+06+995978j
2013-08-28 21:10:00 PST,+140652+0j,+2.12212e+06+999117j
2013-08-28 21:11:00 PST,+140657+0j,+2.13724e+06+1.00417e+06j
2013-08-28 21:12:00 PST,+140648+0j,+2.14694e+06+1.00705e+06j
2013-08-28 21:13:00 PST,+140638+0j,+2.15155e+06+1.00784e+06j
2013-08-28 21:14:00 PST,+140633+0j,+2.15384e+06+1.00852e+06j
2013-08-28 21:15:00 PST,+140628+0j,+2.15244e+06+1.00862e+06j
2013-08-28 21:16:00 PST,+140624+0j,+2.14595e+06+1.00666e+06j
2013-08-28 21:17:00 PST,+140627+0j,+2.13458e+06+1.00274e+06j
2013-08-28 21:18:00 PST,+140634+0j,+2.12838e+06+1.00091e+06j
2013-08-28 21:19:00 PST,+140641+0j,+2.13539e+06+1.00357e+06j
2013-08-28 21:20:00 PST,+140643+0j,+2.14746e+06+1.00719e+06j
2013-08-28 21:21:00 PST,+140639+0j,+2.15428e+06+1.00866e+06j
2013-08-28 21:22:00 PST,+140633+0j,+2.16606e+06+1.01218e+06j
2013-08-28 21:23:00 PST,+140626+0j,+2.18305e+06+1.01777e+06j
2013-08-28 21:24:00 PST,+140615+0j,+2.18487e+06+1.01829e+06j
2013-08-28 21:25:00 PST,+140604+0j,+2.16857e+06+1.01283e+06j
2013-08-28 21:26:00 PST,+140605+0j,+2.15777e+06+1.00959e+06j
2013-08-28 21:27:00 PST,+140615+0j,+2.15228e+06+1.00854e+06j
2013-08-28 21:28:00 PST,+140621+0j,+2.14155e+06+1.00533e+06j
2013-08-28 21:29:00 PST,+140627+0j,+2.12515e+06+999931j
2013-08-28 21:30:00 PST,+140637+0j,+2.11301e+06+996335j
2013-08-28 21:31:00 PST,+140648+0j,+2.1058e+06+994778j
2013-08-28 21:32:00 PST,+140654+0j,+2.09043e+06+989977j
2013-08-28 21:33:00 PST,+140661+0j,+2.07331e+06+984379j
2013-08-28 21:34:00 PST,+140675+0j,+2.06864e+06+983288j
2013-08-28 21:35:00 PST,+140687+0j,+2.07173e+06+984785j
2013-08-28 21:36:00 PST,+140688+0j,+2.06705e+06+983150j
2013-08-28 21:37:00 PST,+140687+0j,+2.06055e+06+980679j
2013-08-28 21:38:00 PST,+140693+0j,+2.06207e+06+981398j
2013-08-28 21:39:00 PST,+140696+0j,+2.06322e+06+982291j
2013-08-28 21:40:00 PST,+140692+0j,+2.05315e+06+979050j
2013-08-28 21:41:00 PST,+140693+0j,+2.04146e+06+975053j
2013-08-28 21:42:00 PST,+140703+0j,+2.03775e+06+974236j
2013-08-28 21:43:00 PST,+140710+0j,+2.03567e+06+974187j
2013-08-28 21:44:00 PST,+140710+0j,+2.02809e+06+971702j
2013-08-28 21:45:00 PST,+140714+0j,+2.02274e+06+969590j
2013-08-28 21:46:00 PST,+140722+0j,+2.02516e+06+970577j
2013-08-28 21:47:00 PST,+140724+0j,+2.02917e+06+972312j
2013-08-28 21:48:00 PST,+140720+0j,+2.02539e+06+970934j
2013-08-28 21:49:00 PST,+140718+0j,+2.021e+06+969091j
2013-08-28 21:50:00 PST,+140724+0j,+2.02628e+06+970913j
2013-08-28 21:51:00 PST,+140725+0j,+2.03321e+06+973508j
2013-08-28 21:52:00 PST,+140719+0j,+2.0323e+06+972970j
2013-08-28 21:53:00 PST,+140715+0j,+2.0297e+06+971648j
2013-08-28 21:54:00 PST,+140719+0j,+2.03301e+06+972886j
2013-08-28 21:55:00 PST,+140719+0j,+2.03438e+06+973835j
2013-08-28 21:56:00 PST,+140714+0j,+2.02796e+06+971675j
2013-08-28 21:57:00 PST,+140715+0j,+2.01995e+06+968770j
2013-08-28 21:58:00 PST,+140722+0j,+2.01973e+06+968976j
2013-08-28 21:59:00 PST,+140726+0j,+2.0234e+06+970616j
2013-08-28 22:00:00 PST,+140724+0j,+2.02377e+06+970468j
2013-08-28 22:01:00 PST,+140723+0j,+2.02242e+06+969521j
2013-08-28 22:02:00 PST,+140725+0j,+2.02878e+06+971655j
2013-08-28 22:03:00 PST,+140724+0j,+2.03684e+06+974576j
2013-08-28 22:04:00 PST,+140717+0j,+2.03269e+06+973081j
2013-08-28 22:05:00 PST,+140713+0j,+2.01765e+06+968086j
2013-08-28 22:06:00 PST,+140718+0j,+2.01047e+06+966235j
2013-08-28 22:07:00 PST,+140728+0j,+2.00503e+06+965208j
2013-08-28 22:08:00 PST,+140731+0j,+1.9919e+06+961108j
2013-08-28 22:09:00 PST,+140736+0j,+1.97897e+06+956780j
2013-08-28 22:10:00 PST,+140748+0j,+1.97761e+06+956662j
2013-08-28 22:11:00 PST,+140756+0j,+1.97547e+06+956386j
2013-08-28 22:12:00 PST,+140755+0j,+1.96808e+06+953972j
2013-08-28 22:13:00 PST,+140758+0j,+1.96146e+06+951708j
2013-08-28 22:14:00 PST,+140766+0j,+1.96068e+06+951752j
2013-08-28 22:15:00 PST,+140769+0j,+1.96089e+06+952151j
2013-08-28 22:16:00 PST,+140767+0j,+1.95599e+06+950469j
2013-08-28 22:17:00 PST,+140769+0j,+1.95183e+06+948921j
2013-08-28 22:18:00 PST,+140775+0j,+1.95274e+06+949452j
2013-08-28 22:19:00 PST,+140776+0j,+1.94943e+06+948813j
2013-08-28 22:20:00 PST,+140773+0j,+1.93213e+06+943506j
2013-08-28 22:21:00 PST,+140777+0j,+1.91568e+06+938370j
2013-08-28 22:22:00 PST,+140792+0j,+1.90157e+06+934306j
2013-08-28 22:23:00 PST,+140803+0j,+1.88942e+06+931137j
2013-08-28 22:24:00 PST,+140811+0j,+1.879e+06+928136j
2013-08-28 22:25:00 PST,+140822+0j,+1.87479e+06+926405j
2013-08-28 22:26:00 PST,+140833+0j,+1.87518e+06+926550j
2013-08-28 22:27:00 PST,+140833+0j,+1.87746e+06+927429j
2013-08-28 22:28:00 PST,+140831+0j,+1.87756e+06+927450j
2013-08-28 22:29:00 PST,+140831+0j,+1.87446e+06+926333j
2013-08-28 22:30:00 PST,+140833+0j,+1.8703e+06+925129j
2013-08-28 22:31:00 PST,+140833+0j,+1.86825e+06+924751j
2013-08-28 22:32:00 PST,+140835+0j,+1.86407e+06+923542j
2013-08-28 22:33:00 PST,+140838+0j,+1.85781e+06+921520j
2013-08-28 22:34:00 PST,+140842+0j,+1.85646e+06+921145j
2013-08-28 22:35:00 PST,+140845+0j,+1.86603e+06+924152j
2013-08-28 22:36:00 PST,+140845+0j,+1.87339e+06+926289j
2013-08-28 22:37:00 PST,+140839+0j,+1.8785e+06+927542j
2013-08-28 22:38:00 PST,+140836+0j,+1.88579e+06+929651j
2013-08-28 22:39:00 PST,+140830+0j,+1.89298e+06+931938j
2013-08-28 22:40:00 PST,+140823+0j,+1.89012e+06+931076j
2013-08-28 22:41:00 PST,+140820+0j,+1.88516e+06+929408j
2013-08-28 22:42:00 PST,+140824+0j,+1.8846e+06+929595j
2013-08-28 22:43:00 PST,+140824+0j,+1.88405e+06+929649j
2013-08-28 22:44:00 PST,+140824+0j,+1.88234e+06+928817j
2013-08-28 22:45:00 PST,+140828+0j,+1.89212e+06+931469j
2013-08-28 22:46:00 PST,+140829+0j,+1.904e+06+934935j
2013-08-28 22:47:00 PST,+140820+0j,+1.91787e+06+939167j
2013-08-28 22:48:00 PST,+140810+0j,+1.93163e+06+943476j
2013-08-28 22:49:00 PST,+140801+0j,+1.94042e+06+946027j
2013-08-28 22:50:00 PST,+140791+0j,+1.93791e+06+945160j
2013-08-28 22:51:00 PST,+140784+0j,+1.93485e+06+944241j
2013-08-28 22:52:00 PST,+140786+0j,+1.93133e+06+943313j
2013-08-28 22:53:00 PST,+140789+0j,+1.92846e+06+942480j
2013-08-28 22:54:00 PST,+140791+0j,+1.92674e+06+941893j
2013-08-28 22:55:00 PST,+140793+0j,+1.92665e+06+941872j
2013-08-28 22:56:00 PST,+140794+0j,+1.9259e+06+941753j
2013-08-28 22:57:00 PST,+140795+0j,+1.92577e+06+941716j
2013-08-28 22:58:00 PST,+140795+0j,+1.92628e+06+941773j
2013-08-28 22:59:00 PST,+140795+0j,+1.92876e+06+942498j
2013-08-28 23:00:00 PST,+140795+0j,+1.94359e+06+946923j
2013-08-28 23:01:00 PST,+140793+0j,+1.95901e+06+951447j
2013-08-28 23:02:00 PST,+140782+0j,+1.97487e+06+955962j
2013-08-28 23:03:00 PST,+140771+0j,+1.99006e+06+960402j
2013-08-28 23:04:00 PST,+140759+0j,+2.00309e+06+964270j
2013-08-28 23:05:00 PST,+140748+0j,+2.00864e+06+965878j
2013-08-28 23:06:00 PST,+140738+0j,+2.01492e+06+967606j
2013-08-28 23:07:00 PST,+140734+0j,+2.02304e+06+970204j
2013-08-28 23:08:00 PST,+140730+0j,+2.02808e+06+971757j
2013-08-28 23:09:00 PST,+140723+0j,+2.03034e+06+972190j
2013-08-28 23:10:00 PST,+140720+0j,+2.02967e+06+971900j
2013-08-28 23:11:00 PST,+140718+0j,+2.03079e+06+972440j
2013-08-28 23:12:00 PST,+140719+0j,+2.02885e+06+971951j
2013-08-28 23:13:00 PST,+140718+0j,+2.02514e+06+970638j
2013-08-28 23:14:00 PST,+140719+0j,+2.02315e+06+969973j
2013-08-28 23:15:00 PST,+140722+0j,+2.01284e+06+967159j
2013-08-28 23:16:00 PST,+140723+0j,+1.99941e+06+963294j
2013-08-28 23:17:00 PST,+140731+0j,+1.98445e+06+958702j
2013-08-28 23:18:00 PST,+140741+0j,+1.97255e+06+955152j
2013-08-28 23:19:00 PST,+140752+0j,+1.96422e+06+952734j
2013-08-28 23:20:00 PST,+140761+0j,+1.98864e+06+960026j
2013-08-28 23:21:00 PST,+140767+0j,+2.01363e+06+967424j
2013-08-28 23:22:00 PST,+140749+0j,+2.03873e+06+974665j
2013-08-28 23:23:00 PST,+140731+0j,+2.06311e+06+981844j
2013-08-28 23:24:00 PST,+140712+0j,+2.08424e+06+988319j
2013-08-28 23:25:00 PST,+140692+0j,+2.05717e+06+980211j
2013-08-28 23:26:00 PST,+140678+0j,+2.02848e+06+971423j
2013-08-28 23:27:00 PST,+140700+0j,+2.00241e+06+963776j
2013-08-28 23:28:00 PST,+140719+0j,+1.97785e+06+956945j
2013-08-28 23:29:00 PST,+140737+0j,+1.95495e+06+950263j
2013-08-28 23:30:00 PST,+140756+0j,+1.96775e+06+953791j
2013-08-28 23:31:00 PST,+140775+0j,+1.98216e+06+958093j
2013-08-28 23:32:00 PST,+140764+0j,+1.99522e+06+961970j
2013-08-28 23:33:00 PST,+140754+0j,+2.00895e+06+965994j
2013-08-28 23:34:00 PST,+140744+0j,+2.02174e+06+969636j
2013-08-28 23:35:00 PST,+140734+0j,+2.01215e+06+966767j
2013-08-28 23:36:00 PST,+140725+0j,+2.00428e+06+964730j
2013-08-28 23:37:00 PST,+140730+0j,+1.99503e+06+962017j
2013-08-28 23:38:00 PST,+140737+0j,+1.98415e+06+958547j
2013-08-28 23:39:00 PST,+140746+0j,+1.97494e+06+955858j
2013-08-28 23:40:00 PST,+140752+0j,+1.96413e+06+952805j
2013-08-28 23:41:00 PST,+140759+0j,+1.95399e+06+949848j
2013-08-28 23:42:00 PST,+140767+0j,+1.94451e+06+947016j
2013-08-28 23:43:00 PST,+140774+0j,+1.93437e+06+944063j
2013-08-28 23:44:00 PST,+140781+0j,+1.92396e+06+941146j
2013-08-28 23:45:00 PST,+140789+0j,+1.92305e+06+940904j
2013-08-28 23:46:00 PST,+140796+0j,+1.92278e+06+940755j
2013-08-28 23:47:00 PST,+140797+0j,+1.92172e+06+940445j
2013-08-28 23:48:00 PST,+140797+0j,+1.92002e+06+940045j
2013-08-28 23:49:00 PST,+140798+0j,+1.91868e+06+939656j
2013-08-28 23:50:00 PST,+140799+0j,+1.90542e+06+935459j
2013-08-28 23:51:00 PST,+140800+0j,+1.89426e+06+932202j
2013-08-28 23:52:00 PST,+140810+0j,+1.88534e+06+929985j
2013-08-28 23:53:00 PST,+140818+0j,+1.87216e+06+925963j
2013-08-28 23:54:00 PST,+140825+0j,+1.85905e+06+921840j
2013-08-28 23:55:00 PST,+140835+0j,+1.84868e+06+919082j
2013-08-28 23:56:00 PST,+140845+0j,+1.83619e+06+915486j
2013-08-28 23:57:00 PST,+140852+0j,+1.82157e+06+911075j
2013-08-28 23:58:00 PST,+140861+0j,+1.80906e+06+907483j
2013-08-28 23:59:00 PST,+140872+0j,+1.7961e+06+903772j
